hotlist path,space id,Level 1,Level 2,Level 3,Level 4,Level 5,Level 6,Attribute name,Attribute value,Required,Searchable,"Search type
","Type
"
"/intl/hk/deals/v2/brandstorev2/listings/categorypage/leisure/books
",1197784241,文化消閒/電玩遊戲,"書刊
",辭書及工具書,,,,語言,中文||英文||其他外語,Yes,Yes,,Radiobox
"/intl/hk/deals/v2/brandstorev2/listings/categorypage/leisure/books
",1197784241,文化消閒/電玩遊戲,"書刊
",小說,,,,語言,中文||英文||其他外語,Yes,Yes,,Radiobox
"/intl/hk/deals/v2/brandstorev2/listings/categorypage/leisure/books
",1197784241,,,,,,,題材,冒险||哲学||恐怖||情色||愛情||推理||政治||武侠||歷史||科幻 ,No,"Yes
",,Checkbox
"/intl/hk/deals/v2/brandstorev2/listings/categorypage/leisure/books
",1197784241,文化消閒/電玩遊戲,"書刊
",漫畫,,,,語言,中文||英文||其他外語,Yes,Yes,,Radiobox
"/intl/hk/deals/v2/brandstorev2/listings/categorypage/leisure/books
",1197784241,,,,,,,題材,冒险||哲学||恐怖||情色||愛情||推理||政治||武俠||歷史||科幻,No,"Yes
",,Checkbox
"/intl/hk/deals/v2/brandstorev2/listings/categorypage/leisure/books
",1197784241,文化消閒/電玩遊戲,"書刊
",兒童讀物,,,,語言,中文||英文||其他外語,Yes,Yes,,Radiobox
"/intl/hk/deals/v2/brandstorev2/listings/categorypage/leisure/books
",1197784241,文化消閒/電玩遊戲,"書刊
",語言文字,,,,語言,中文||英文||其他外語,Yes,Yes,,Radiobox
"/intl/hk/deals/v2/brandstorev2/listings/categorypage/leisure/books
",1197784241,文化消閒/電玩遊戲,"書刊
",文學,,,,語言,中文||英文||其他外語,Yes,Yes,,Radiobox
"/intl/hk/deals/v2/brandstorev2/listings/categorypage/leisure/books
",1197784241,文化消閒/電玩遊戲,"書刊
",歷史,,,,語言,中文||英文||其他外語,Yes,Yes,,Radiobox
"/intl/hk/deals/v2/brandstorev2/listings/categorypage/leisure/books
",1197784241,文化消閒/電玩遊戲,"書刊
",傳記,,,,語言,中文||英文||其他外語,Yes,Yes,,Radiobox
"/intl/hk/deals/v2/brandstorev2/listings/categorypage/leisure/books
",1197784241,文化消閒/電玩遊戲,"書刊
",哲學與宗教,,,,語言,中文||英文||其他外語,Yes,Yes,,Radiobox
"/intl/hk/deals/v2/brandstorev2/listings/categorypage/leisure/books
",1197784241,文化消閒/電玩遊戲,"書刊
",社會科學,,,,語言,中文||英文||其他外語,Yes,Yes,,Radiobox
"/intl/hk/deals/v2/brandstorev2/listings/categorypage/leisure/books
",1197784241,文化消閒/電玩遊戲,"書刊
",教育,,,,語言,中文||英文||其他外語,Yes,Yes,,Radiobox
"/intl/hk/deals/v2/brandstorev2/listings/categorypage/leisure/books
",1197784241,文化消閒/電玩遊戲,"書刊
",心理學,,,,語言,中文||英文||其他外語,Yes,Yes,,Radiobox
"/intl/hk/deals/v2/brandstorev2/listings/categorypage/leisure/books
",1197784241,文化消閒/電玩遊戲,"書刊
",金融與商務,,,,語言,中文||英文||其他外語,Yes,Yes,,Radiobox
"/intl/hk/deals/v2/brandstorev2/listings/categorypage/leisure/books
",1197784241,文化消閒/電玩遊戲,"書刊
",電腦與資訊科技,,,,語言,中文||英文||其他外語,Yes,Yes,,Radiobox
"/intl/hk/deals/v2/brandstorev2/listings/categorypage/leisure/books
",1197784241,文化消閒/電玩遊戲,"書刊
",工程學,,,,語言,中文||英文||其他外語,Yes,Yes,,Radiobox
"/intl/hk/deals/v2/brandstorev2/listings/categorypage/leisure/books
",1197784241,文化消閒/電玩遊戲,"書刊
",自然與科學,,,,語言,中文||英文||其他外語,Yes,Yes,,Radiobox
"/intl/hk/deals/v2/brandstorev2/listings/categorypage/leisure/books
",1197784241,文化消閒/電玩遊戲,"書刊
",醫藥衛生,,,,語言,中文||英文||其他外語,Yes,Yes,,Radiobox
"/intl/hk/deals/v2/brandstorev2/listings/categorypage/leisure/books
",1197784241,文化消閒/電玩遊戲,"書刊
",藝術及音樂,,,,語言,中文||英文||其他外語,Yes,Yes,,Radiobox
"/intl/hk/deals/v2/brandstorev2/listings/categorypage/leisure/books
",1197784241,文化消閒/電玩遊戲,"書刊
",文娛體育,,,,語言,中文||英文||其他外語,Yes,Yes,,Radiobox
"/intl/hk/deals/v2/brandstorev2/listings/categorypage/leisure/books
",1197784241,文化消閒/電玩遊戲,"書刊
",生活百科,,,,語言,中文||英文||其他外語,Yes,Yes,,Radiobox
"/intl/hk/deals/v2/brandstorev2/listings/categorypage/leisure/books
",1197784241,文化消閒/電玩遊戲,"書刊
",地理旅遊,,,,語言,中文||英文||其他外語,Yes,Yes,,Radiobox
"/intl/hk/deals/v2/brandstorev2/listings/categorypage/leisure/books
",,,,,,,,介紹國家,中國||香港||台灣||日本||韓國||歐洲||非洲||亞洲||大洋洲||北美洲||南美洲||南極洲,No,"Yes
",,Checkbox
"/intl/hk/deals/v2/brandstorev2/listings/categorypage/leisure/books
",1197784241,文化消閒/電玩遊戲,"書刊
",教參讀物,,,,語言,中文||英文||其他外語,Yes,Yes,,Radiobox
"/intl/hk/deals/v2/brandstorev2/listings/categorypage/leisure/books
",,,,,,,,年級,小學||中一至中三||中四至中六||大學,No,"Yes
",,Checkbox
"/intl/hk/deals/v2/brandstorev2/listings/categorypage/leisure/books
",,,,,,,,科目,中國語文||數學||英國語文||通識教育||其他,No,"Yes
",,Checkbox
"/intl/hk/deals/v2/brandstorev2/listings/categorypage/leisure/books
",1197784241,文化消閒/電玩遊戲,"書刊
",叢書及期刊,,,,語言,中文||英文||其他外語,Yes,Yes,,Radiobox
"/intl/hk/deals/v2/brandstorev2/listings/categorypage/leisure/books
",1197784241,文化消閒/電玩遊戲,"書刊
",其他,,,,,,,,,
/intl/hk/deals/v2/brandstorev2/listings/categorypage/leisure/music,1197784242,文化消閒/電玩遊戲,"音樂
","音樂大碟
",,,,風格,hip-hop||電子音樂||重金屬||爵士樂||R&B||輕音樂||古典音樂||民謠||傳統戲曲||流行曲||兒歌,,,,
/intl/hk/deals/v2/brandstorev2/listings/categorypage/leisure/music,,,,,,,,國家或語言,中國||香港||台灣||日本||韓國||美加||英國,,,,
/intl/hk/deals/v2/brandstorev2/listings/categorypage/leisure/music,,,,,,,,性質,電影原聲||電視原聲||語言學習||音樂劇,,,,
/intl/hk/deals/v2/brandstorev2/listings/categorypage/leisure/music,1197784242,文化消閒/電玩遊戲,"音樂
",樂器及其配件,銅管樂器,,,,,,,,
/intl/hk/deals/v2/brandstorev2/listings/categorypage/leisure/music,1197784242,文化消閒/電玩遊戲,"音樂
",樂器及其配件,鼓及敲擊樂,,,,,,,,
/intl/hk/deals/v2/brandstorev2/listings/categorypage/leisure/music,1197784242,文化消閒/電玩遊戲,"音樂
",樂器及其配件,電鋼琴 / 電子琴,,,,,,,,
/intl/hk/deals/v2/brandstorev2/listings/categorypage/leisure/music,1197784242,文化消閒/電玩遊戲,"音樂
",樂器及其配件,結他,,,,,,,,
/intl/hk/deals/v2/brandstorev2/listings/categorypage/leisure/music,1197784242,文化消閒/電玩遊戲,"音樂
",樂器及其配件,Ukulele,,,,,,,,
/intl/hk/deals/v2/brandstorev2/listings/categorypage/leisure/music,1197784242,文化消閒/電玩遊戲,"音樂
",樂器及其配件,口琴,,,,,,,,
/intl/hk/deals/v2/brandstorev2/listings/categorypage/leisure/music,1197784242,文化消閒/電玩遊戲,"音樂
",樂器及其配件,鋼琴,,,,,,,,
/intl/hk/deals/v2/brandstorev2/listings/categorypage/leisure/music,1197784242,文化消閒/電玩遊戲,"音樂
",樂器及其配件,弦樂器,,,,,,,,
/intl/hk/deals/v2/brandstorev2/listings/categorypage/leisure/music,1197784242,文化消閒/電玩遊戲,"音樂
",樂器及其配件,木管樂器,,,,,,,,
/intl/hk/deals/v2/brandstorev2/listings/categorypage/leisure/music,1197784242,文化消閒/電玩遊戲,"音樂
",樂器及其配件,"其他
",,,,,,,,
/intl/hk/deals/v2/brandstorev2/listings/categorypage/leisure/music,1197784242,文化消閒/電玩遊戲,"音樂
",樂譜,,,,類型,五線譜||簡譜||中樂譜||結他譜,,,,
/intl/hk/deals/v2/brandstorev2/listings/categorypage/leisure/music,1197784242,文化消閒/電玩遊戲,"音樂
",其他,,,,,,,,,
/intl/hk/deals/v2/brandstorev2/listings/categorypage/leisure/movies_and_tv,1197784243,文化消閒/電玩遊戲,影碟,,,,,風格,動作||奇幻||喜劇||恐怖||愛情||警匪||科幻||戰爭||災難||溫情||史實||實驗||動畫||歌舞,,,,
/intl/hk/deals/v2/brandstorev2/listings/categorypage/leisure/movies_and_tv,,,,,,,,格式,VCD||DVD||blu-ray,,,,
/intl/hk/deals/v2/brandstorev2/listings/categorypage/leisure/games,1197784244,文化消閒/電玩遊戲,電玩遊戲,Games,,,,操作平台,NDS||3DS||PS 4||PS 3||PSP||PS Vita||XBox One||XBox 360||XBox Kinect||Wii||Wii U||PC||Mobile,,,,
/intl/hk/deals/v2/brandstorev2/listings/categorypage/leisure/games,,,,,,,,遊戲性質,RPG(角色扮演)||RTS(即時戰略)||ACT(動作)||ARPG(動作角色扮演)||SRPG(模擬角色扮演)||STG(射擊)||SPG(運動)||TBG(牌桌遊戲)||PZG(益智解謎)||AVG(冒險遊戲)||RCG(賽車)||FTG(格鬥)||SLG(模擬)||ETC(其他),,,,
/intl/hk/deals/v2/brandstorev2/listings/categorypage/leisure/games,1197784244,文化消閒/電玩遊戲,電玩遊戲,"主機及配件
",,,,操作平台,NDS||3DS||PS 4||PS 3||PSP||PS Vita||XBox One||XBox 360||XBox Kinect||Wii||Wii U||PC||Mobile,,,,
/intl/hk/deals/v2/brandstorev2/listings/categorypage/leisure/games,1197784244,文化消閒/電玩遊戲,電玩遊戲,"遊戲攻略本 
",,,,操作平台,NDS||3DS||PS 4||PS 3||PSP||PS Vita||XBox One||XBox 360||XBox Kinect||Wii||Wii U||PC||Mobile,,,,
/intl/hk/deals/v2/brandstorev2/listings/categorypage/leisure/games,,,,,,,,遊戲性質,RPG(角色扮演)||RTS(即時戰略)||ACT(動作)||ARPG(動作角色扮演)||SRPG(模擬角色扮演)||STG(射擊)||SPG(運動)||TBG(牌桌遊戲)||PZG(益智解謎)||AVG(冒險遊戲)||RCG(賽車)||FTG(格鬥)||SLG(模擬)||ETC(其他),,,,
/intl/hk/deals/v2/brandstorev2/listings/categorypage/leisure/games,1197784244,文化消閒/電玩遊戲,電玩遊戲,點數或虛擬物品,,,,操作平台,NDS||3DS||PS 4||PS 3||PSP||PS Vita||XBox One||XBox 360||XBox Kinect||Wii||Wii U||PC||Mobile,,,,
/intl/hk/deals/v2/brandstorev2/listings/categorypage/leisure/games,,,,,,,,遊戲性質,RPG(角色扮演)||RTS(即時戰略)||ACT(動作)||ARPG(動作角色扮演)||SRPG(模擬角色扮演)||STG(射擊)||SPG(運動)||TBG(牌桌遊戲)||PZG(益智解謎)||AVG(冒險遊戲)||RCG(賽車)||FTG(格鬥)||SLG(模擬)||ETC(其他),,,,
/intl/hk/deals/v2/brandstorev2/listings/categorypage/leisure/games,1197784244,文化消閒/電玩遊戲,電玩遊戲,其他,,,,,,,,,
/intl/hk/deals/v2/brandstorev2/listings/categorypage/leisure/crafts,1197784245,文化消閒/電玩遊戲,DIY 手作,製成品,,,,類型,布偶毛線毛氈||洋裁布料拼布||模型素材工具,,,,
/intl/hk/deals/v2/brandstorev2/listings/categorypage/leisure/crafts,1197784245,文化消閒/電玩遊戲,DIY 手作,"訂做
",,,,類型,相片,,,,
/intl/hk/deals/v2/brandstorev2/listings/categorypage/leisure/crafts,1197784245,文化消閒/電玩遊戲,DIY 手作,材料,,,,類型,布偶毛線毛氈||洋裁布料拼布||模型素材工具,,,,
/intl/hk/deals/v2/brandstorev2/listings/categorypage/leisure/crafts,1197784245,文化消閒/電玩遊戲,DIY 手作,其他,,,,,,,,,
/intl/hk/deals/v2/brandstorev2/listings/categorypage/leisure/collectibles,1197784246,文化消閒/電玩遊戲,收藏品,收藏卡或車票,,,,,,,,,
/intl/hk/deals/v2/brandstorev2/listings/categorypage/leisure/collectibles,1197784246,文化消閒/電玩遊戲,收藏品,郵票與郵品,,,,,,,,,
/intl/hk/deals/v2/brandstorev2/listings/categorypage/leisure/collectibles,1197784246,文化消閒/電玩遊戲,收藏品,錢幣與錢箱,,,,,,,,,
/intl/hk/deals/v2/brandstorev2/listings/categorypage/leisure/collectibles,1197784246,文化消閒/電玩遊戲,收藏品,藝術品與古董,,,,,,,,,
/intl/hk/deals/v2/brandstorev2/listings/categorypage/leisure/collectibles,1197784246,文化消閒/電玩遊戲,收藏品,晶石玉石,,,,,,,,,
/intl/hk/deals/v2/brandstorev2/listings/categorypage/leisure/collectibles,1197784246,文化消閒/電玩遊戲,收藏品,紀念品,,,,,,,,,
/intl/hk/deals/v2/brandstorev2/listings/categorypage/leisure/collectibles,1197784246,文化消閒/電玩遊戲,收藏品,軍警用品,,,,,,,,,
/intl/hk/deals/v2/brandstorev2/listings/categorypage/leisure/collectibles,1197784246,文化消閒/電玩遊戲,收藏品,打火機,,,,,,,,,
/intl/hk/deals/v2/brandstorev2/listings/categorypage/leisure/collectibles,1197784246,文化消閒/電玩遊戲,收藏品,廣告宣傳品,,,,,,,,,
/intl/hk/deals/v2/brandstorev2/listings/categorypage/leisure/collectibles,1197784246,文化消閒/電玩遊戲,收藏品,鎖匙釦,,,,,,,,,
/intl/hk/deals/v2/brandstorev2/listings/categorypage/leisure/collectibles,1197784246,文化消閒/電玩遊戲,收藏品,其他,,,,,,,,,
/intl/hk/deals/v2/brandstorev2/listings/categorypage/computers/desktops,1197784271,電腦及週邊,座檯式電腦,,,,,,,,,,
/intl/hk/deals/v2/brandstorev2/listings/categorypage/computers/notebooks_and_tablets,1197784272,電腦及週邊,"手提或平板電腦
",,,,,,,,,,
/intl/hk/deals/v2/brandstorev2/listings/categorypage/computers/printers,1197784273,電腦及週邊,掃描或打印機,打印機,,,,支援,相片打印||Wifi,,,,
/intl/hk/deals/v2/brandstorev2/listings/categorypage/computers/printers,1197784273,電腦及週邊,掃描或打印機,掃描機,,,,支援,相片打印||Wifi,,,,
/intl/hk/deals/v2/brandstorev2/listings/categorypage/computers/printers,1197784273,電腦及週邊,掃描或打印機,"多合一
",,,,支援,相片打印||Wifi,,,,
/intl/hk/deals/v2/brandstorev2/listings/categorypage/computers/printers,1197784273,電腦及週邊,掃描或打印機,其他,,,,,,,,,
/intl/hk/deals/v2/brandstorev2/listings/categorypage/computers/network,1197784274,電腦及週邊,"網絡
",Router,,,,,,,,,
/intl/hk/deals/v2/brandstorev2/listings/categorypage/computers/network,1197784274,電腦及週邊,"網絡
",NAS,,,,,,,,,
/intl/hk/deals/v2/brandstorev2/listings/categorypage/computers/network,1197784274,電腦及週邊,"網絡
",Homeplug,,,,,,,,,
/intl/hk/deals/v2/brandstorev2/listings/categorypage/computers/network,1197784274,電腦及週邊,"網絡
",Pocket Wifi,,,,,,,,,
/intl/hk/deals/v2/brandstorev2/listings/categorypage/computers/network,1197784274,電腦及週邊,"網絡
",其他,,,,,,,,,
/intl/hk/deals/v2/brandstorev2/listings/categorypage/computers/storage,1197784275,電腦及週邊,"儲存
",Memory Card 記憶卡,,,,,,,,,
/intl/hk/deals/v2/brandstorev2/listings/categorypage/computers/storage,1197784275,電腦及週邊,"儲存
",USB 記憶體,,,,,,,,,
/intl/hk/deals/v2/brandstorev2/listings/categorypage/computers/storage,1197784275,電腦及週邊,"儲存
",外置硬碟,,,,,,,,,
/intl/hk/deals/v2/brandstorev2/listings/categorypage/computers/storage,1197784275,電腦及週邊,"儲存
",外置DVD Writer,,,,介面,USB||IEEE,,,,
/intl/hk/deals/v2/brandstorev2/listings/categorypage/computers/storage,1197784275,電腦及週邊,"儲存
",其他,,,,,,,,,
/intl/hk/deals/v2/brandstorev2/listings/categorypage/computers/accessories,1197784276,電腦及週邊,週邊產品,,,,,,,,,,
/intl/hk/deals/v2/brandstorev2/listings/categorypage/computers/parts,1197784277,電腦及週邊,"電腦組件
",機箱,,,,,,,,,
/intl/hk/deals/v2/brandstorev2/listings/categorypage/computers/parts,1197784277,電腦及週邊,"電腦組件
",CPU 中央處理器 ,,,,,,,,,
/intl/hk/deals/v2/brandstorev2/listings/categorypage/computers/parts,1197784277,電腦及週邊,"電腦組件
",Display Card 顯示卡,,,,,,,,,
/intl/hk/deals/v2/brandstorev2/listings/categorypage/computers/parts,1197784277,電腦及週邊,"電腦組件
",DVD Writer ,,,,,,,,,
/intl/hk/deals/v2/brandstorev2/listings/categorypage/computers/parts,1197784277,電腦及週邊,"電腦組件
",Harddisk 硬碟,,,,,,,,,
/intl/hk/deals/v2/brandstorev2/listings/categorypage/computers/parts,1197784277,電腦及週邊,"電腦組件
",Motherboard 主機板,,,,,,,,,
/intl/hk/deals/v2/brandstorev2/listings/categorypage/computers/parts,1197784277,電腦及週邊,"電腦組件
",Power Supply 電源,,,,,,,,,
/intl/hk/deals/v2/brandstorev2/listings/categorypage/computers/parts,1197784277,電腦及週邊,"電腦組件
",RAM 記憶體,,,,,,,,,
/intl/hk/deals/v2/brandstorev2/listings/categorypage/computers/parts,1197784277,電腦及週邊,"電腦組件
",RAID Card,,,,,,,,,
/intl/hk/deals/v2/brandstorev2/listings/categorypage/computers/parts,1197784277,電腦及週邊,"電腦組件
",Sound Card 音效卡,,,,,,,,,
/intl/hk/deals/v2/brandstorev2/listings/categorypage/computers/parts,1197784277,電腦及週邊,"電腦組件
",其他,,,,,,,,,
/intl/hk/deals/v2/brandstorev2/listings/categorypage/electronics/cellphones,1197784260,電器、數碼及攝影,通訊產品,手提電話,,,,,,,,,
/intl/hk/deals/v2/brandstorev2/listings/categorypage/electronics/cellphones,1197784260,電器、數碼及攝影,通訊產品,藍牙耳機,,,,,,,,,
/intl/hk/deals/v2/brandstorev2/listings/categorypage/electronics/cellphones,1197784260,電器、數碼及攝影,通訊產品,充電池,,,,,,,,,
/intl/hk/deals/v2/brandstorev2/listings/categorypage/electronics/cellphones,1197784260,電器、數碼及攝影,通訊產品,智能穿戴設備,,,,,,,,,
/intl/hk/deals/v2/brandstorev2/listings/categorypage/electronics/cellphones,1197784260,電器、數碼及攝影,通訊產品,電話配件,,,,,,,,,
/intl/hk/deals/v2/brandstorev2/listings/categorypage/electronics/cellphones,1197784260,電器、數碼及攝影,通訊產品,室內電話,,,,"無線電話
","有線||無線
",,,,
/intl/hk/deals/v2/brandstorev2/listings/categorypage/electronics/cellphones,1197784260,電器、數碼及攝影,通訊產品,其他,,,,,,,,,
/intl/hk/deals/v2/brandstorev2/listings/categorypage/electronics/cameras,1197784261,電器、數碼及攝影,攝錄器材,數碼單鏡反光相機 (DSLR),,,,多角度螢幕,"有||無
",,,,
/intl/hk/deals/v2/brandstorev2/listings/categorypage/electronics/cameras,,,,,,,,感光元件,"全片幅||中片幅||APS-C||Foveon||Four thirds||CX||2/3""||1/1.7""||1/2.3",,,,
/intl/hk/deals/v2/brandstorev2/listings/categorypage/electronics/cameras,,,,,,,,短片拍攝,全高清,,,,
/intl/hk/deals/v2/brandstorev2/listings/categorypage/electronics/cameras,1197784261,電器、數碼及攝影,攝錄器材,無反光鏡可換鏡頭相機 (MILC),,,,,,,,,
/intl/hk/deals/v2/brandstorev2/listings/categorypage/electronics/cameras,1197784261,電器、數碼及攝影,攝錄器材,菲林相機,,,,,,,,,
/intl/hk/deals/v2/brandstorev2/listings/categorypage/electronics/cameras,1197784261,電器、數碼及攝影,攝錄器材,"即影即有
",,,,,,,,,
/intl/hk/deals/v2/brandstorev2/listings/categorypage/electronics/cameras,1197784261,電器、數碼及攝影,攝錄器材,"鏡頭
",,,,焦距,1-20mm||21-50mm||51-100mm||100mm以上,,,,
/intl/hk/deals/v2/brandstorev2/listings/categorypage/electronics/cameras,1197784261,電器、數碼及攝影,攝錄器材,閃光燈,,,,,,,,,
/intl/hk/deals/v2/brandstorev2/listings/categorypage/electronics/cameras,1197784261,電器、數碼及攝影,攝錄器材,輕便數碼相機,,,,多角度螢幕,"有||無
",,,,
/intl/hk/deals/v2/brandstorev2/listings/categorypage/electronics/cameras,,,,,,,,短片拍攝,全高清,,,,
/intl/hk/deals/v2/brandstorev2/listings/categorypage/electronics/cameras,1197784261,電器、數碼及攝影,攝錄器材,手提攝錄機,,,,多角度螢幕,"有||無
",,,,
/intl/hk/deals/v2/brandstorev2/listings/categorypage/electronics/cameras,,,,,,,,短片拍攝,全高清,,,,
/intl/hk/deals/v2/brandstorev2/listings/categorypage/electronics/cameras,1197784261,電器、數碼及攝影,攝錄器材,攝影及攝錄器材配件,,,,,,,,,
/intl/hk/deals/v2/brandstorev2/listings/categorypage/electronics/cameras,1197784261,電器、數碼及攝影,攝錄器材,其他,,,,,,,,,
/intl/hk/deals/v2/brandstorev2/listings/categorypage/electronics/audio,1197784262,電器、數碼及攝影,影音產品,電視,,,,顯示屏幕,液晶電視||等離子電視,,,,
/intl/hk/deals/v2/brandstorev2/listings/categorypage/electronics/audio,,,,,,,,畫質,"標清 SD||高清 HD||全高清 Full HD||4K
",,,,
/intl/hk/deals/v2/brandstorev2/listings/categorypage/electronics/audio,,,,,,,,螢幕,傳統||平面||曲面,,,,
/intl/hk/deals/v2/brandstorev2/listings/categorypage/electronics/audio,1197784262,電器、數碼及攝影,影音產品,影碟播放器,,,,支援,"blu-ray||DVD
",,,,
/intl/hk/deals/v2/brandstorev2/listings/categorypage/electronics/audio,1197784262,電器、數碼及攝影,影音產品,解碼器,,,,,,,,,
/intl/hk/deals/v2/brandstorev2/listings/categorypage/electronics/audio,1197784262,電器、數碼及攝影,影音產品,音響,,,,性質,個人影音||家庭影音,,,,
/intl/hk/deals/v2/brandstorev2/listings/categorypage/electronics/audio,1197784262,電器、數碼及攝影,影音產品,錄影錄音機,,,,,,,,,
/intl/hk/deals/v2/brandstorev2/listings/categorypage/electronics/audio,1197784262,電器、數碼及攝影,影音產品,影音配件,,,,,,,,,
/intl/hk/deals/v2/brandstorev2/listings/categorypage/electronics/audio,1197784262,電器、數碼及攝影,影音產品,其他,,,,,,,,,
/intl/hk/deals/v2/brandstorev2/listings/categorypage/electronics/large_appliances,1197784263,電器、數碼及攝影,大型家庭電器,洗衣機 ,,,,內桶物料,不銹鋼||塑膠,,,,
/intl/hk/deals/v2/brandstorev2/listings/categorypage/electronics/home_appliances,,,,,,,,類型,前置式||上置式,,,,
/intl/hk/deals/v2/brandstorev2/listings/categorypage/electronics/large_appliances,1197784263,電器、數碼及攝影,大型家庭電器,"抽油煙機
",,,,,,,,,
/intl/hk/deals/v2/brandstorev2/listings/categorypage/electronics/large_appliances,1197784263,電器、數碼及攝影,大型家庭電器,雪櫃,,,,雪櫃門數目,1||2||3||4,,,,
/intl/hk/deals/v2/brandstorev2/listings/categorypage/electronics/home_appliances,,,,,,,,能源效益標籤級別,1||2||3||4,,,,
/intl/hk/deals/v2/brandstorev2/listings/categorypage/electronics/home_appliances,,,,,,,,配套,"蔬果格||冰格||自動制冰||儲水
",,,,
/intl/hk/deals/v2/brandstorev2/listings/categorypage/electronics/large_appliances,1197784263,電器、數碼及攝影,大型家庭電器,冷氣機,,,,匹數,3/4||1||1.5||2||2.5,,,,
/intl/hk/deals/v2/brandstorev2/listings/categorypage/electronics/home_appliances,,,,,,,,能源效益標籤級別,1||2||3||4,,,,
/intl/hk/deals/v2/brandstorev2/listings/categorypage/electronics/home_appliances,,,,,,,,類型,窗口式||分體式||窗口分體式||坐地式,,,,
/intl/hk/deals/v2/brandstorev2/listings/categorypage/electronics/large_appliances,1197784263,電器、數碼及攝影,大型家庭電器,抽濕機,,,,容量,,,,,
/intl/hk/deals/v2/brandstorev2/listings/categorypage/electronics/home_appliances,,,,,,,,能源效益標籤級別,1||2||3||4,,,,
/intl/hk/deals/v2/brandstorev2/listings/categorypage/electronics/home_appliances,,,,,,,,空氣淨化功能,有||無,,,,
/intl/hk/deals/v2/brandstorev2/listings/categorypage/electronics/large_appliances,1197784263,電器、數碼及攝影,大型家庭電器,放濕機 ／ 香薰機,,,,容量,n/a,,,,
/intl/hk/deals/v2/brandstorev2/listings/categorypage/electronics/large_appliances,1197784263,電器、數碼及攝影,大型家庭電器,"電熱水爐
",,,,類型,儲水式（高壓）||即熱式（低壓）,,,,
/intl/hk/deals/v2/brandstorev2/listings/categorypage/electronics/large_appliances,1197784263,電器、數碼及攝影,大型家庭電器,暖爐,,,,類型,充油式||暖風機||浴室暖爐,,,,
/intl/hk/deals/v2/brandstorev2/listings/categorypage/electronics/home_appliances,,,,,,,,能源效益標籤級別,1||2||3||4,,,,
/intl/hk/deals/v2/brandstorev2/listings/categorypage/electronics/small_appliances,1197784264,電器、數碼及攝影,小型家庭電器,電鬚刨及配件,,,,電源,鋰電池||充電式||乾電池,,,,
/intl/hk/deals/v2/brandstorev2/listings/categorypage/electronics/small_appliances,1197784264,電器、數碼及攝影,小型家庭電器,電動牙刷及配件,,,,電源,充電式||乾電池,,,,
/intl/hk/deals/v2/brandstorev2/listings/categorypage/electronics/small_appliances,1197784264,電器、數碼及攝影,小型家庭電器,風筒及造型產品,,,,,,,,,
/intl/hk/deals/v2/brandstorev2/listings/categorypage/electronics/small_appliances,1197784264,電器、數碼及攝影,小型家庭電器,廚房小電器,,,,,,,,,
/intl/hk/deals/v2/brandstorev2/listings/categorypage/electronics/small_appliances,1197784264,電器、數碼及攝影,小型家庭電器,飯煲,,,,,,,,,
/intl/hk/deals/v2/brandstorev2/listings/categorypage/electronics/small_appliances,1197784264,電器、數碼及攝影,小型家庭電器,咖啡機及配件,,,,,,,,,
/intl/hk/deals/v2/brandstorev2/listings/categorypage/electronics/small_appliances,1197784264,電器、數碼及攝影,小型家庭電器,風扇,,,,,,,,,
/intl/hk/deals/v2/brandstorev2/listings/categorypage/electronics/small_appliances,1197784264,電器、數碼及攝影,小型家庭電器,熨斗,,,,,,,,,
/intl/hk/deals/v2/brandstorev2/listings/categorypage/electronics/small_appliances,1197784264,電器、數碼及攝影,小型家庭電器,吸塵機及配件,,,,,,,,,
/intl/hk/deals/v2/brandstorev2/listings/categorypage/electronics/small_appliances,1197784264,電器、數碼及攝影,小型家庭電器,空氣清新機及配件,,,,,,,,,
/intl/hk/deals/v2/brandstorev2/listings/categorypage/electronics/small_appliances,1197784264,電器、數碼及攝影,小型家庭電器,其他,,,,,,,,,
/intl/hk/deals/v2/brandstorev2/listings/categorypage/kids/maternity,1197784251,母嬰,"孕婦產品
",孕婦側睡枕,,,,,,,,,
/intl/hk/deals/v2/brandstorev2/listings/categorypage/kids/maternity,1197784251,母嬰,"孕婦產品
",托腹帶/束腹帶,,,,,,,,,
/intl/hk/deals/v2/brandstorev2/listings/categorypage/kids/maternity,1197784251,母嬰,"孕婦產品
",孕婦護理及入院用品,,,,,,,,,
/intl/hk/deals/v2/brandstorev2/listings/categorypage/kids/maternity,1197784251,母嬰,"孕婦產品
","其他
",,,,,,,,,
/intl/hk/deals/v2/brandstorev2/listings/categorypage/kids/breast_feeding,1197784252,母嬰,餵奶用品,奶樽,,,,質料,玻璃||PPSU||PES||PP,,,,
/intl/hk/deals/v2/brandstorev2/listings/categorypage/kids/breast_feeding,1197784252,母嬰,餵奶用品,奶咀,,,,質料,乳膠||矽膠,,,,
/intl/hk/deals/v2/brandstorev2/listings/categorypage/kids/breast_feeding,,,,,,,,性質,母乳育兒奶咀,,,,
/intl/hk/deals/v2/brandstorev2/listings/categorypage/kids/breast_feeding,1197784252,母嬰,餵奶用品,消毒煲,,,,,,,,,
/intl/hk/deals/v2/brandstorev2/listings/categorypage/kids/breast_feeding,1197784252,母嬰,餵奶用品,母乳用品,,,,,,,,,
/intl/hk/deals/v2/brandstorev2/listings/categorypage/kids/breast_feeding,1197784252,母嬰,餵奶用品,清洗及消毒用品,,,,,,,,,
/intl/hk/deals/v2/brandstorev2/listings/categorypage/kids/breast_feeding,1197784252,母嬰,餵奶用品,奶粉格,,,,,,,,,
/intl/hk/deals/v2/brandstorev2/listings/categorypage/kids/breast_feeding,1197784252,母嬰,餵奶用品,暖奶器,,,,,,,,,
/intl/hk/deals/v2/brandstorev2/listings/categorypage/kids/breast_feeding,1197784252,母嬰,餵奶用品,餵奶巾,,,,,,,,,
/intl/hk/deals/v2/brandstorev2/listings/categorypage/kids/breast_feeding,1197784252,母嬰,餵奶用品,"其他
",,,,,,,,,
/intl/hk/deals/v2/brandstorev2/listings/categorypage/kids/toddler_feeding,1197784252,母嬰,幼兒進食用具,餐具,,,,微波爐可用,微波爐可用,,,,
/intl/hk/deals/v2/brandstorev2/listings/categorypage/kids/toddler_feeding,1197784252,母嬰,幼兒進食用具,食物處理器,,,,,,,,,
/intl/hk/deals/v2/brandstorev2/listings/categorypage/kids/toddler_feeding,1197784252,母嬰,幼兒進食用具,口水肩,,,,,,,,,
/intl/hk/deals/v2/brandstorev2/listings/categorypage/kids/toddler_feeding,1197784252,母嬰,幼兒進食用具,訓練杯,,,,,,,,,
/intl/hk/deals/v2/brandstorev2/listings/categorypage/kids/toddler_feeding,1197784252,母嬰,幼兒進食用具,"其他
",,,,,,,,,
/intl/hk/deals/v2/brandstorev2/listings/categorypage/kids/diasper_and_skin_care,1197784253,母嬰,尿片及護理用品,尿片,,,,性別,男||女,,,,
/intl/hk/deals/v2/brandstorev2/listings/categorypage/kids/diaspering_and_skin_care,,,,,,,,尺碼,初生||細碼||中碼||大碼||加大碼||加加大碼||加加加大碼,,,,
/intl/hk/deals/v2/brandstorev2/listings/categorypage/kids/diasper_and_skin_care,1197784253,母嬰,尿片及護理用品,其他,,,,,,,,,
/intl/hk/deals/v2/brandstorev2/listings/categorypage/kids/home_safety,1197784254,母嬰,家居及安全用品,安全門欄,,,,,,,,,
/intl/hk/deals/v2/brandstorev2/listings/categorypage/kids/home_safety,1197784254,母嬰,家居及安全用品,防撞用品,,,,,,,,,
/intl/hk/deals/v2/brandstorev2/listings/categorypage/kids/home_safety,1197784254,母嬰,家居及安全用品,安全鎖,,,,,,,,,
/intl/hk/deals/v2/brandstorev2/listings/categorypage/kids/home_safety,1197784254,母嬰,家居及安全用品,幼兒坐椅,,,,,,,,,
/intl/hk/deals/v2/brandstorev2/listings/categorypage/kids/home_safety,1197784254,母嬰,家居及安全用品,床欄,,,,,,,,,
/intl/hk/deals/v2/brandstorev2/listings/categorypage/kids/home_safety,1197784254,母嬰,家居及安全用品,監察器,,,,,,,,,
/intl/hk/deals/v2/brandstorev2/listings/categorypage/kids/home_safety,1197784254,母嬰,家居及安全用品,其他,,,,,,,,,
/intl/hk/deals/v2/brandstorev2/listings/categorypage/kids/strollers_and_accessories,1197784255,母嬰,外出用品,手推車,,,,,,,,,
/intl/hk/deals/v2/brandstorev2/listings/categorypage/kids/strollers_and_accessories,1197784255,母嬰,外出用品,揹帶,,,,,,,,,
/intl/hk/deals/v2/brandstorev2/listings/categorypage/kids/strollers_and_accessories,1197784255,母嬰,外出用品,學行安全帶,,,,,,,,,
/intl/hk/deals/v2/brandstorev2/listings/categorypage/kids/strollers_and_accessories,1197784255,母嬰,外出用品,"外出裝備
",,,,,,,,,
/intl/hk/deals/v2/brandstorev2/listings/categorypage/kids/strollers_and_accessories,1197784255,母嬰,外出用品,其他,,,,,,,,,
/intl/hk/deals/v2/brandstorev2/listings/categorypage/cars/accessories,1197784256,汽車用品,配件及飾品,車貼,,,,,,,,,
/intl/hk/deals/v2/brandstorev2/listings/categorypage/cars/accessories,1197784256,汽車用品,配件及飾品,汽車香薰,,,,,,,,,
/intl/hk/deals/v2/brandstorev2/listings/categorypage/cars/accessories,1197784256,汽車用品,配件及飾品,車箱內飾,,,,,,,,,
/intl/hk/deals/v2/brandstorev2/listings/categorypage/cars/accessories,1197784256,汽車用品,配件及飾品,安全帶護套、扣夾,,,,,,,,,
/intl/hk/deals/v2/brandstorev2/listings/categorypage/cars/accessories,1197784256,汽車用品,配件及飾品,座墊、頭枕,,,,,,,,,
/intl/hk/deals/v2/brandstorev2/listings/categorypage/cars/accessories,1197784256,汽車用品,配件及飾品,兒童安全座椅,,,,,,,,,
/intl/hk/deals/v2/brandstorev2/listings/categorypage/cars/accessories,1197784256,汽車用品,配件及飾品,收納用品、掛勾,,,,,,,,,
/intl/hk/deals/v2/brandstorev2/listings/categorypage/cars/accessories,1197784256,汽車用品,配件及飾品,遮陽簾、板,,,,,,,,,
/intl/hk/deals/v2/brandstorev2/listings/categorypage/cars/accessories,1197784256,汽車用品,配件及飾品,後視鏡、輔助鏡,,,,,,,,,
/intl/hk/deals/v2/brandstorev2/listings/categorypage/cars/accessories,1197784256,汽車用品,配件及飾品,頭盔、手套,,,,,,,,,
/intl/hk/deals/v2/brandstorev2/listings/categorypage/cars/accessories,1197784256,汽車用品,配件及飾品,車頂架、攜車架,,,,,,,,,
/intl/hk/deals/v2/brandstorev2/listings/categorypage/cars/accessories,1197784256,汽車用品,配件及飾品,其他,,,,,,,,,
/intl/hk/deals/v2/brandstorev2/listings/categorypage/cars/maintenance,1197784257,汽車用品,維修工具,汽車緊急啟動電源及救車線,,,,,,,,,
/intl/hk/deals/v2/brandstorev2/listings/categorypage/cars/maintenance,1197784257,汽車用品,維修工具,充氣泵,,,,,,,,,
/intl/hk/deals/v2/brandstorev2/listings/categorypage/cars/maintenance,1197784257,汽車用品,維修工具,"其他
",,,,,,,,,
/intl/hk/deals/v2/brandstorev2/listings/categorypage/cars/vechile_electronics,1197784258,汽車用品,電子電器,導航系統,,,,,,,,,
/intl/hk/deals/v2/brandstorev2/listings/categorypage/cars/vechile_electronics,1197784258,汽車用品,電子電器,影音設備,,,,,,,,,
/intl/hk/deals/v2/brandstorev2/listings/categorypage/cars/vechile_electronics,1197784258,汽車用品,電子電器,防盜設備,,,,,,,,,
/intl/hk/deals/v2/brandstorev2/listings/categorypage/cars/vechile_electronics,1197784258,汽車用品,電子電器,"空氣清新機
",,,,,,,,,
/intl/hk/deals/v2/brandstorev2/listings/categorypage/cars/vechile_electronics,1197784258,汽車用品,電子電器,"其他
",,,,,,,,,
/intl/hk/deals/v2/brandstorev2/listings/categorypage/cars/cleansing,1197784259,汽車用品,清洗/保養用品,汽車防塵罩,,,,,,,,,
/intl/hk/deals/v2/brandstorev2/listings/categorypage/cars/cleansing,1197784259,汽車用品,清洗/保養用品,清潔用品,,,,,,,,,
/intl/hk/deals/v2/brandstorev2/listings/categorypage/cars/cleansing,1197784259,汽車用品,清洗/保養用品,打蠟用品,,,,,,,,,
/intl/hk/deals/v2/brandstorev2/listings/categorypage/cars/cleansing,1197784259,汽車用品,清洗/保養用品,防刮、補漆,,,,,,,,,
/intl/hk/deals/v2/brandstorev2/listings/categorypage/cars/cleansing,1197784259,汽車用品,清洗/保養用品,"其他
",,,,,,,,,
,,,,,,,,,,,,,
,,,,,,,,,,,,,
,,,,,,,,,,,,,
,,,,,,,,,,,,,
,,,,,,,,,,,,,
,,,,,,,,,,,,,
,,,,,,,,,,,,,
,,,,,,,,,,,,,
,,,,,,,,,,,,,
,,,,,,,,,,,,,
,,,,,,,,,,,,,
,,,,,,,,,,,,,
,,,,,,,,,,,,,
,,,,,,,,,,,,,
,,,,,,,,,,,,,
,,,,,,,,,,,,,
,,,,,,,,,,,,,
,,,,,,,,,,,,,
,,,,,,,,,,,,,
,,,,,,,,,,,,,
,,,,,,,,,,,,,
,,,,,,,,,,,,,
,,,,,,,,,,,,,
,,,,,,,,,,,,,
,,,,,,,,,,,,,
,,,,,,,,,,,,,
/intl/hk/deals/v2/brandstorev2/listings/categorypage/food/snacks,1197784265,"食品及飲品
",零食及糖果,"薯片及脆炸食物

",薯片,,,包裝,袋裝||筒裝||盒裝,No,Yes,,Radiobox
/intl/hk/deals/v2/brandstorev2/listings/categorypage/food/snacks,1197784265,"食品及飲品
",零食及糖果,"薯片及脆炸食物

","粟米類 

",,,種類,粟米片||粟米條,No,Yes,,Radiobox
/intl/hk/deals/v2/brandstorev2/listings/categorypage/food/snacks,1197784265,"食品及飲品
",零食及糖果,"薯片及脆炸食物

","蝦片 

",,,種類,蝦片||蝦餅,No,Yes,,Radiobox
/intl/hk/deals/v2/brandstorev2/listings/categorypage/food/snacks,1197784265,"食品及飲品
",零食及糖果,"薯片及脆炸食物

","蔬菜條 

",,,,,,,,
/intl/hk/deals/v2/brandstorev2/listings/categorypage/food/snacks,1197784265,"食品及飲品
",零食及糖果,"薯片及脆炸食物

","麵類小食 

",,,種類,點心麵||麵餅,No,Yes,,Radiobox
/intl/hk/deals/v2/brandstorev2/listings/categorypage/food/snacks,1197784265,"食品及飲品
",零食及糖果,"薯片及脆炸食物

","米餅 

",,,,,,,,
/intl/hk/deals/v2/brandstorev2/listings/categorypage/food/snacks,1197784265,"食品及飲品
",零食及糖果,"薯片及脆炸食物

","爆谷 

",,,食用方法,微波爐用||即食,No,Yes,,Radiobox
/intl/hk/deals/v2/brandstorev2/listings/categorypage/food/snacks,1197784265,"食品及飲品
",零食及糖果,"薯片及脆炸食物

",其他,,,,,,,,
/intl/hk/deals/v2/brandstorev2/listings/categorypage/food/snacks,1197784265,"食品及飲品
",零食及糖果,"乾果 

",,,,種類,芒果||西梅||甘梅||葡萄||紅莓||莓類||杏脯||蜜棗||龍眼,No,Yes,,Checkbox
/intl/hk/deals/v2/brandstorev2/listings/categorypage/food/snacks,1197784265,"食品及飲品
",零食及糖果,"果仁 

",,,,種類,"花生||杏仁||腰果||夏威夷果仁||開心果||什果仁||青豆||葵花子||栗子
",No,Yes,,Checkbox
/intl/hk/deals/v2/brandstorev2/listings/categorypage/food/snacks,1197784265,"食品及飲品
",零食及糖果,"紫菜 

",,,,種類,日式||韓式||泰式,No,Yes,,Radiobox
/intl/hk/deals/v2/brandstorev2/listings/categorypage/food/snacks,1197784265,"食品及飲品
",零食及糖果,"魚肉腸 

",,,,,,,,,
/intl/hk/deals/v2/brandstorev2/listings/categorypage/food/snacks,1197784265,"食品及飲品
",零食及糖果,"肉乾 

",,,,種類,牛肉||豬肉||魚肉||魷魚,No,Yes,,Checkbox
/intl/hk/deals/v2/brandstorev2/listings/categorypage/food/snacks,1197784265,"食品及飲品
",零食及糖果,"精製果肉 

",,,,種類,梅||話梅||檸檬,No,Yes,,Checkbox
/intl/hk/deals/v2/brandstorev2/listings/categorypage/food/snacks,1197784265,"食品及飲品
",零食及糖果,"啫喱 

",,,,,,,,,
/intl/hk/deals/v2/brandstorev2/listings/categorypage/food/snacks,1197784265,"食品及飲品
",零食及糖果,"朱古力 

",,,,"包裝

",排裝||條裝||朱古力粒||家庭裝||禮盒裝,No,Yes,,Radiobox
/intl/hk/deals/v2/brandstorev2/listings/categorypage/food/snacks,1197784265,"食品及飲品
",零食及糖果,"糖 

",,,,種類,棉花糖||麥芽糖||波板糖||硬糖||橡皮軟糖||軟糖||咀嚼糖,No,Yes,,Checkbox
/intl/hk/deals/v2/brandstorev2/listings/categorypage/food/snacks,1197784265,"食品及飲品
",零食及糖果,香口膠,,,,包裝,"袋裝||樽裝||補充裝
",No,Yes,,Radiobox
/intl/hk/deals/v2/brandstorev2/listings/categorypage/food/snacks,1197784265,"食品及飲品
",零食及糖果,其他,,,,,,,,,
/intl/hk/deals/v2/brandstorev2/listings/categorypage/food/biscuits,1197784266,"食品及飲品
",餅乾,"夾心餅 

",,,,,,,,,
/intl/hk/deals/v2/brandstorev2/listings/categorypage/food/biscuits,1197784266,"食品及飲品
",餅乾,"梳打餅 

",,,,,,,,,
/intl/hk/deals/v2/brandstorev2/listings/categorypage/food/biscuits,1197784266,"食品及飲品
",餅乾,"克力架 

",,,,種類,原味||高鈣||高纖,No,Yes,,Radiobox
/intl/hk/deals/v2/brandstorev2/listings/categorypage/food/biscuits,1197784266,"食品及飲品
",餅乾,"百力滋 

",,,,,,,,,
/intl/hk/deals/v2/brandstorev2/listings/categorypage/food/biscuits,1197784266,"食品及飲品
",餅乾,"威化 

",,,,種類,"傳統威化||迷你威化||粒粒裝||威化卷||威化手指
",,,,
/intl/hk/deals/v2/brandstorev2/listings/categorypage/food/biscuits,1197784266,"食品及飲品
",餅乾,"曲奇餅 

",,,,口味,牛油||朱古力||黑加侖子||薑味||肉桂味||夾心||無糖,No,Yes,,Checkbox
/intl/hk/deals/v2/brandstorev2/listings/categorypage/food/biscuits,1197784266,"食品及飲品
",餅乾,"消化餅 

",,,,口味,原味||朱古力||輕怡,No,Yes,,Checkbox
/intl/hk/deals/v2/brandstorev2/listings/categorypage/food/biscuits,1197784266,"食品及飲品
",餅乾,其他,,,,,,,,,
/intl/hk/deals/v2/brandstorev2/listings/categorypage/food/groceries,1197784267,"食品及飲品
",糧油雜貨,"米 

",,,,產地,"泰國米||澳洲米||中國米||印度米
",No,Yes,,Radiobox
/intl/hk/deals/v2/brandstorev2/listings/categorypage/food/groceries,1197784267,"食品及飲品
",糧油雜貨,"米 

",,,,種類,珍珠米||香米||紅米||長糙米||短糙米||五穀米||粘米||燕麥米||糯米,No,Yes,,Radiobox
/intl/hk/deals/v2/brandstorev2/listings/categorypage/food/groceries,1197784267,"食品及飲品
",糧油雜貨,"油 

",,,,種類,花生油||粟米油||芥花籽油||橄欖油||橄欖混合油||葵花籽油||菜油||葡萄籽油||合桃油||食油,No,Yes,,Radiobox
/intl/hk/deals/v2/brandstorev2/listings/categorypage/food/groceries,1197784267,"食品及飲品
",糧油雜貨,"麵食 

",公仔,,,包裝,單包裝||袋裝||碗裝,No,Yes,,Radiobox
/intl/hk/deals/v2/brandstorev2/listings/categorypage/food/groceries,1197784267,"食品及飲品
",糧油雜貨,"麵食 

","米粉 

",,,包裝,單包裝||袋裝||碗裝,No,Yes,,Radiobox
/intl/hk/deals/v2/brandstorev2/listings/categorypage/food/groceries,1197784267,"食品及飲品
",糧油雜貨,"麵食 

","意粉

",,,,,,,,
/intl/hk/deals/v2/brandstorev2/listings/categorypage/food/groceries,1197784267,"食品及飲品
",糧油雜貨,"麵食 

",粉絲,,,包裝,單包裝||袋裝||碗裝,No,Yes,,Radiobox
/intl/hk/deals/v2/brandstorev2/listings/categorypage/food/groceries,1197784267,"食品及飲品
",糧油雜貨,"麵食 

",烏冬,,,包裝,單包裝||袋裝||碗裝,No,Yes,,Radiobox
/intl/hk/deals/v2/brandstorev2/listings/categorypage/food/groceries,1197784267,"食品及飲品
",糧油雜貨,"麵食 

",其他,,,,,,,,
/intl/hk/deals/v2/brandstorev2/listings/categorypage/food/groceries,1197784267,"食品及飲品
",糧油雜貨,罐頭,"罐頭湯 

",,,種類,西式湯||中式湯||清湯||濃湯||有機罐頭湯,No,Yes,,Radiobox
/intl/hk/deals/v2/brandstorev2/listings/categorypage/food/groceries,1197784267,"食品及飲品
",糧油雜貨,罐頭,"罐頭肉 

",,,種類,午餐肉||火腿豬肉||香腸||鹹牛肉,No,Yes,,Radiobox
/intl/hk/deals/v2/brandstorev2/listings/categorypage/food/groceries,1197784267,"食品及飲品
",糧油雜貨,罐頭,"罐頭魚 

",,,種類,"中式罐頭魚||沙甸魚||吞拿魚||鮑魚/螺片/蜆肉||魚柳||三文魚||海鮮

",No,Yes,,Radiobox
/intl/hk/deals/v2/brandstorev2/listings/categorypage/food/groceries,1197784267,"食品及飲品
",糧油雜貨,罐頭,"罐頭蔬菜 

",,,種類,||粟米||焗豆||菇類||蕃茄||豆類||菜,No,Yes,,Radiobox
/intl/hk/deals/v2/brandstorev2/listings/categorypage/food/groceries,1197784267,"食品及飲品
",糧油雜貨,罐頭,"罐頭水果 

",,,種類,雜果||菠蘿||桃||熱帶雜果||椰纖果||生果,No,Yes,,Checkbox
/intl/hk/deals/v2/brandstorev2/listings/categorypage/food/groceries,1197784267,"食品及飲品
",糧油雜貨,罐頭,其他,,,,,,,,
/intl/hk/deals/v2/brandstorev2/listings/categorypage/food/groceries,1197784267,"食品及飲品
",糧油雜貨,"醬料 

",,,,種類,生抽||蠔油||意粉醬||方便醬 - 樽裝||方便醬料 - 袋裝||蕃茄醬||辣椒醬||沙律醬||鮮醬油||芝麻油||X.O.醬||醃料||老抽||濃縮汁||魚露||西式醬料||醋,No,Yes,,Radiobox
/intl/hk/deals/v2/brandstorev2/listings/categorypage/food/groceries,1197784267,"食品及飲品
",糧油雜貨,"調味料 

",,,,種類,雞粉/雞粒||香料/胡椒||鹽||芥醬||肉汁||味精||其他,No,Yes,,Radiobox
/intl/hk/deals/v2/brandstorev2/listings/categorypage/food/groceries,1197784267,"食品及飲品
",糧油雜貨,"醃製瓜菜類 

",,,,,,,,,
/intl/hk/deals/v2/brandstorev2/listings/categorypage/food/groceries,1197784267,"食品及飲品
",糧油雜貨,"糖 

",,,,種類,砂糖||咖啡糖||蔗糖||方糖||冰糖||代糖||有機糖||其他,No,Yes,,Radiobox
/intl/hk/deals/v2/brandstorev2/listings/categorypage/food/groceries,1197784267,"食品及飲品
",糧油雜貨,"烤焗用品類 

",,,,種類,粟粉||自發粉||麵粉||發粉||麵包糠||烤焗用料||香油精||班戟粉||蛋糕粉||椰子產品,No,Yes,,Radiobox
/intl/hk/deals/v2/brandstorev2/listings/categorypage/food/groceries,1197784267,"食品及飲品
",糧油雜貨,"乾菜 

",,,,種類,乾冬菇||乾豆||湯料||海味||湯包||其他,No,Yes,,Radiobox
/intl/hk/deals/v2/brandstorev2/listings/categorypage/food/groceries,1197784267,"食品及飲品
",糧油雜貨,"穀類早餐

",,,,種類,即食||快熟||穀類飲品,No,Yes,,Radiobox
/intl/hk/deals/v2/brandstorev2/listings/categorypage/food/groceries,1197784267,"食品及飲品
",糧油雜貨,"果占麵包醬 

",,,,種類,花生醬||果醬||三文治醬,No,Yes,,Radiobox
/intl/hk/deals/v2/brandstorev2/listings/categorypage/food/groceries,1197784267,"食品及飲品
",糧油雜貨,"蜜糖或糖漿 

",,,,,,,,,
/intl/hk/deals/v2/brandstorev2/listings/categorypage/food/groceries,1197784267,"食品及飲品
",糧油雜貨,甜品,,,,種類,甜品粉||包裝甜品,No,Yes,,Radiobox
/intl/hk/deals/v2/brandstorev2/listings/categorypage/food/groceries,1197784267,"食品及飲品
",糧油雜貨,其他,,,,,,,,,
/intl/hk/deals/v2/brandstorev2/listings/categorypage/food/beverages,1197784268,"食品及飲品
",飲品,"非酒精飲品

","樽裝水 

",,,種類,蒸餾水||礦泉水||有氣水,No,Yes,,Radiobox
/intl/hk/deals/v2/brandstorev2/listings/categorypage/food/beverages,1197784268,"食品及飲品
",飲品,"非酒精飲品

","汽水 

",,,種類,可樂||檸檬汽水||忌廉||果汁汽水||梳打水||其他,No,Yes,,Radiobox
/intl/hk/deals/v2/brandstorev2/listings/categorypage/food/beverages,1197784268,"食品及飲品
",飲品,"非酒精飲品

","無汽飲品 

",,,種類,檸檬茶||菊花茶||綠茶||烏龍茶||花茶及保健茶||果汁||即飲咖啡||奶茶||其他茶||其他,No,Yes,,Radiobox
/intl/hk/deals/v2/brandstorev2/listings/categorypage/food/beverages,1197784268,"食品及飲品
",飲品,"非酒精飲品

","大豆飲品 

",,,種類,豆奶||麥精||豆味||有機||其他,No,Yes,,Radiobox
/intl/hk/deals/v2/brandstorev2/listings/categorypage/food/beverages,1197784268,"食品及飲品
",飲品,"非酒精飲品

","茶及茶葉 

",,,種類,三合一奶茶||中國茶包||中國茶葉||紅茶包||紅茶葉||日本茶||西方及異國茶||其他,No,Yes,,Radiobox
/intl/hk/deals/v2/brandstorev2/listings/categorypage/food/beverages,1197784268,"食品及飲品
",飲品,"非酒精飲品

","咖啡 

",,,種類,即溶咖啡||三合一咖啡||咖啡粉||咖啡豆||咖啡奶精,No,Yes,,Radiobox
/intl/hk/deals/v2/brandstorev2/listings/categorypage/food/beverages,1197784268,"食品及飲品
",飲品,"非酒精飲品

","果汁及濃縮果汁 

",,,種類,果汁||濃縮果汁||果醋||檸檬茶||有機,No,Yes,,Radiobox
/intl/hk/deals/v2/brandstorev2/listings/categorypage/food/beverages,1197784268,"食品及飲品
",飲品,"非酒精飲品

",健康飲品,,,種類,鹼性飲品||葡萄糖||提神||其他,No,Yes,,Radiobox
/intl/hk/deals/v2/brandstorev2/listings/categorypage/food/beverages,1197784268,"食品及飲品
",飲品,"非酒精飲品

",朱古力飲品,,,種類,朱古力飲品||朱古力粉,No,Yes,,Radiobox
/intl/hk/deals/v2/brandstorev2/listings/categorypage/food/beverages,1197784268,"食品及飲品
",飲品,"非酒精飲品

",營養飲品,,,種類,雞精||燕窩||葡萄糖粉||其他,No,Yes,,Radiobox
/intl/hk/deals/v2/brandstorev2/listings/categorypage/food/beverages,1197784268,"食品及飲品
",飲品,"非酒精飲品

",益生菌飲品及其他飲品,,,,,,,,
/intl/hk/deals/v2/brandstorev2/listings/categorypage/food/beverages,1197784268,"食品及飲品
",飲品,酒精飲品,啤酒類,,,包裝,罐裝||樽裝,No,Yes,,Radiobox
/intl/hk/deals/v2/brandstorev2/listings/categorypage/food/beverages,1197784268,"食品及飲品
",飲品,酒精飲品,紅酒,,,產地,法國紅酒||美國紅酒||澳洲紅酒||意大利紅酒||智利紅酒||南非紅酒||其他紅酒,No,Yes,,Radiobox
/intl/hk/deals/v2/brandstorev2/listings/categorypage/food/beverages,1197784268,,,,,,,釀酒葡萄,赤霞珠||切拉子||瑪碧||梅鹿||黑比諾||其他單一品種葡葡||混合葡葡,No,Yes,,Radiobox
/intl/hk/deals/v2/brandstorev2/listings/categorypage/food/beverages,1197784268,"食品及飲品
",飲品,酒精飲品,白酒,,,產地,法國白酒||美國白酒||澳洲白酒||紐西蘭白酒||智利紅酒||南非白酒||其他白酒,No,Yes,,Radiobox
/intl/hk/deals/v2/brandstorev2/listings/categorypage/food/beverages,1197784268,,,,,,,釀酒葡萄,莎當妮||賽蜜蓉||長相思||薏絲琳||其他單一品種葡葡||混合葡葡,No,Yes,,Radiobox
/intl/hk/deals/v2/brandstorev2/listings/categorypage/food/beverages,1197784268,"食品及飲品
",飲品,酒精飲品,香檳/汽酒,,,種類,香檳||意大利汽酒||西班牙汽酒||法國汽酒||其他汽酒,No,Yes,,Radiobox
/intl/hk/deals/v2/brandstorev2/listings/categorypage/food/beverages,1197784268,"食品及飲品
",飲品,酒精飲品,玫瑰酒,,,種類,香檳/汽酒||其他,No,Yes,,Radiobox
/intl/hk/deals/v2/brandstorev2/listings/categorypage/food/beverages,1197784268,"食品及飲品
",飲品,酒精飲品,中國酒/清酒,,,種類,米酒||梅酒/水果酒||日本清酒||紹興酒||補酒及其他,No,Yes,,Radiobox
/intl/hk/deals/v2/brandstorev2/listings/categorypage/food/beverages,1197784268,"食品及飲品
",飲品,酒精飲品,西洋烈酒,,,種類,威士忌||力嬌酒||伏特加||毯酒||蘭姆酒||龍舌蘭酒||拔蘭地,No,Yes,,Radiobox
/intl/hk/deals/v2/brandstorev2/listings/categorypage/food/beverages,1197784268,"食品及飲品
",飲品,酒精飲品,其他,,,,,,,,
/intl/hk/deals/v2/brandstorev2/listings/categorypage/food/frozen_foods,1197784269,"食品及飲品
",冷凍及雪藏食品,麵食/餐類,,,,,,,,,
/intl/hk/deals/v2/brandstorev2/listings/categorypage/food/frozen_foods,1197784269,"食品及飲品
",冷凍及雪藏食品,點心,,,,種類,包類||餃子||腸粉||其他,No,Yes,,Radiobox
/intl/hk/deals/v2/brandstorev2/listings/categorypage/food/frozen_foods,1197784269,"食品及飲品
",冷凍及雪藏食品,火腿/ 腸仔,,,,種類,火腿||凍切肉||三文魚||香腸,No,Yes,,Radiobox
/intl/hk/deals/v2/brandstorev2/listings/categorypage/food/frozen_foods,1197784269,"食品及飲品
",冷凍及雪藏食品,豆腐,,,,種類,蒸煮豆腐||硬豆腐||炸豆腐||玉子豆腐,No,Yes,,Radiobox
/intl/hk/deals/v2/brandstorev2/listings/categorypage/food/frozen_foods,1197784269,"食品及飲品
",冷凍及雪藏食品,甜品/ 忌廉,,,,種類,豆腐花||其他甜品||忌廉,No,Yes,,Radiobox
/intl/hk/deals/v2/brandstorev2/listings/categorypage/food/frozen_foods,1197784269,"食品及飲品
",冷凍及雪藏食品,蔬菜,,,,種類,什豆/ 粟米/ 什菜||薯仔/ 薯條||其他,No,Yes,,Checkbox
/intl/hk/deals/v2/brandstorev2/listings/categorypage/food/frozen_foods,1197784269,"食品及飲品
",冷凍及雪藏食品,肉類,,,,種類,腸||肉丸||漢堡及其他||家禽 / 豬 / 牛,No,Yes,,Radiobox
/intl/hk/deals/v2/brandstorev2/listings/categorypage/food/frozen_foods,1197784269,"食品及飲品
",冷凍及雪藏食品,腸粉及粥,,,,種類,腸粉||粥及早餐,No,Yes,,Radiobox
/intl/hk/deals/v2/brandstorev2/listings/categorypage/food/frozen_foods,1197784269,"食品及飲品
",冷凍及雪藏食品,湯丸,,,,口味,芝麻||花生||紫薯||豆沙||鹹||酒釀||棗泥||南瓜||鮮肉,No,Yes,,Checkbox
/intl/hk/deals/v2/brandstorev2/listings/categorypage/food/frozen_foods,1197784269,"食品及飲品
",冷凍及雪藏食品,餃子/雲吞,,,,種類,水餃||炸餃子||雲吞,No,Yes,,Radiobox
/intl/hk/deals/v2/brandstorev2/listings/categorypage/food/frozen_foods,1197784269,"食品及飲品
",冷凍及雪藏食品,海產,,,,種類,魚||蟹柳||魚手指/魚柳||其他,No,Yes,,Radiobox
/intl/hk/deals/v2/brandstorev2/listings/categorypage/food/frozen_foods,1197784269,"食品及飲品
",冷凍及雪藏食品,蛋糕,,,,種類,蛋糕||芝士蛋糕||窩夫及班戟||其他,No,Yes,,Radiobox
/intl/hk/deals/v2/brandstorev2/listings/categorypage/food/frozen_foods,1197784269,"食品及飲品
",冷凍及雪藏食品,酥皮類,,,,種類,香酥餅||麵包類||其他,No,Yes,,Radiobox
/intl/hk/deals/v2/brandstorev2/listings/categorypage/food/frozen_foods,1197784269,"食品及飲品
",冷凍及雪藏食品,雪糕,,,,種類,家庭裝||多盒裝||單盒裝,No,Yes,,Radiobox
/intl/hk/deals/v2/brandstorev2/listings/categorypage/food/frozen_foods,1197784269,"食品及飲品
",冷凍及雪藏食品,其他,,,,,,,,,
/intl/hk/deals/v2/brandstorev2/listings/categorypage/food/fresh_foods,1197784384,"食品及飲品
",新鮮食品,"水果
",,,,種類,蘋果/梨||橙||提子/莓||桃李/奇異果||熱帶生果||瓜||有機生果,No,Yes,,Radiobox
/intl/hk/deals/v2/brandstorev2/listings/categorypage/food/fresh_foods,1197784384,"食品及飲品
",新鮮食品,蔬菜,,,,種類,根部菜||其他||沙律菜||辣||菌類,No,Yes,,Radiobox
/intl/hk/deals/v2/brandstorev2/listings/categorypage/food/fresh_foods,1197784384,"食品及飲品
",新鮮食品,肉類,,,,種類,豬/牛||雞||醃製/肉丸,No,Yes,,Radiobox
/intl/hk/deals/v2/brandstorev2/listings/categorypage/food/fresh_foods,1197784384,"食品及飲品
",新鮮食品,雞蛋,,,,種類,"美國蛋||中國蛋||有機蛋||鴨蛋||其他

",No,Yes,,Radiobox
/intl/hk/deals/v2/brandstorev2/listings/categorypage/food/fresh_foods,1197784384,"食品及飲品
",新鮮食品,其他,,,,,,,,,
/intl/hk/deals/v2/brandstorev2/listings/categorypage/food/dairy_products,1197784270,"食品及飲品
",乳類製品,"牛油/植物牛油 

",,,,種類,牛油||植物牛油/豬油,No,Yes,,Radiobox
/intl/hk/deals/v2/brandstorev2/listings/categorypage/food/dairy_products,1197784270,"食品及飲品
",乳類製品,芝士,,,,種類,"片裝芝士||芝士粒||芝士醬||芝士磚||碎芝士||醬類||其他

",No,Yes,,Radiobox
/intl/hk/deals/v2/brandstorev2/listings/categorypage/food/dairy_products,1197784270,"食品及飲品
",乳類製品,奶粉,,,,,,,,,
/intl/hk/deals/v2/brandstorev2/listings/categorypage/food/dairy_products,1197784270,"食品及飲品
",乳類製品,牛奶,,,,種類,鮮牛奶||高鈣牛奶飲品||低脂牛奶飲品||朱古力牛奶飲品||其他味道牛奶飲品,No,Yes,,Radiobox
/intl/hk/deals/v2/brandstorev2/listings/categorypage/food/dairy_products,1197784270,"食品及飲品
",乳類製品,豆奶,,,,種類,原味豆奶||其他味道豆奶,No,Yes,,Radiobox
/intl/hk/deals/v2/brandstorev2/listings/categorypage/food/dairy_products,1197784270,"食品及飲品
",乳類製品,乳酪及乳酪飲品,,,,種類,低脂乳酪||純乳酪||脫脂乳酪||乳酪飲品,No,Yes,,Radiobox
/intl/hk/deals/v2/brandstorev2/listings/categorypage/food/dairy_products,1197784270,"食品及飲品
",乳類製品,其他,,,,,,,,,
/intl/hk/deals/v2/brandstorev2/listings/categorypage/household/kitchenware,1197784247,"居家生活
",廚房用品,濾水器及配件,,,,,,,,,
/intl/hk/deals/v2/brandstorev2/listings/categorypage/household/kitchenware,1197784247,"居家生活
",廚房用品,煮食器具,,,,,,,,,
/intl/hk/deals/v2/brandstorev2/listings/categorypage/household/kitchenware,1197784247,"居家生活
",廚房用品,"餐具
",,,,,,,,,
/intl/hk/deals/v2/brandstorev2/listings/categorypage/household/kitchenware,1197784247,"居家生活
",廚房用品,"食物收藏及保鮮
",,,,,,,,,
/intl/hk/deals/v2/brandstorev2/listings/categorypage/household/kitchenware,1197784247,"居家生活
",廚房用品,圍裙 ,,,,,,,,,
/intl/hk/deals/v2/brandstorev2/listings/categorypage/household/kitchenware,1197784247,"居家生活
",廚房用品,隔熱墊及隔熱手套 ,,,,,,,,,
/intl/hk/deals/v2/brandstorev2/listings/categorypage/household/kitchenware,1197784247,"居家生活
",廚房用品,"其他
",,,,,,,,,
/intl/hk/deals/v2/brandstorev2/listings/categorypage/household/coupons,1197784248,"居家生活
",禮券、優惠券,,,,,,,,,,
/intl/hk/deals/v2/brandstorev2/listings/categorypage/household/medications,1197784249,"居家生活
",醫療用品,護具,,,,,,,,,
/intl/hk/deals/v2/brandstorev2/listings/categorypage/household/medications,1197784249,"居家生活
",醫療用品,冷熱敷墊,,,,,,,,,
/intl/hk/deals/v2/brandstorev2/listings/categorypage/household/medications,1197784249,"居家生活
",醫療用品,膠布,,,,,,,,,
/intl/hk/deals/v2/brandstorev2/listings/categorypage/household/medications,1197784249,"居家生活
",醫療用品,口罩,,,,,,,,,
/intl/hk/deals/v2/brandstorev2/listings/categorypage/household/medications,1197784249,"居家生活
",醫療用品,紗布繃帶,,,,,,,,,
/intl/hk/deals/v2/brandstorev2/listings/categorypage/household/medications,1197784249,"居家生活
",醫療用品,成藥,,,,,,,,,
/intl/hk/deals/v2/brandstorev2/listings/categorypage/household/medications,1197784249,"居家生活
",醫療用品,手套,,,,,,,,,
/intl/hk/deals/v2/brandstorev2/listings/categorypage/household/medications,1197784249,"居家生活
",醫療用品,棉花,,,,,,,,,
/intl/hk/deals/v2/brandstorev2/listings/categorypage/household/medications,1197784249,"居家生活
",醫療用品,生育計劃,,,,,,,,,
/intl/hk/deals/v2/brandstorev2/listings/categorypage/household/medications,1197784249,"居家生活
",醫療用品,"其他
",,,,,,,,,
/intl/hk/deals/v2/brandstorev2/listings/categorypage/household/household_commodity,1197784250,"居家生活
",日用品,女性衛生用品,,,,,,,,,
/intl/hk/deals/v2/brandstorev2/listings/categorypage/household/household_commodity,1197784250,"居家生活
",日用品,衣物清潔用品,,,,,,,,,
/intl/hk/deals/v2/brandstorev2/listings/categorypage/household/household_commodity,1197784250,"居家生活
",日用品,衛生紙,,,,,,,,,
/intl/hk/deals/v2/brandstorev2/listings/categorypage/household/household_commodity,1197784250,"居家生活
",日用品,家居清潔用品,,,,,,,,,
/intl/hk/deals/v2/brandstorev2/listings/categorypage/household/household_commodity,1197784250,"居家生活
",日用品,空氣清新用品 ,,,,,,,,,
/intl/hk/deals/v2/brandstorev2/listings/categorypage/household/household_commodity,1197784250,"居家生活
",日用品,殺蟲用品 ,,,,,,,,,
/intl/hk/deals/v2/brandstorev2/listings/categorypage/household/household_commodity,1197784250,"居家生活
",日用品,抽濕用品,,,,,,,,,
/intl/hk/deals/v2/brandstorev2/listings/categorypage/household/household_commodity,1197784250,"居家生活
",日用品,"其他
",,,,,,,,,
/intl/hk/deals/v2/brandstorev2/listings/categorypage/household/study＿room,1197784317,"居家生活
",書房傢俬,轉椅,,,,,,,,,
/intl/hk/deals/v2/brandstorev2/listings/categorypage/household/study＿room,1197784317,"居家生活
",書房傢俬,"鞋櫃/架

",,,,,,,,,
/intl/hk/deals/v2/brandstorev2/listings/categorypage/household/study＿room,1197784317,"居家生活
",書房傢俬,其他,,,,,,,,,
/intl/hk/deals/v2/brandstorev2/listings/categorypage/household/bathing,1197784318,"居家生活
",浴室用品,"淋浴配件
",,,,,,,,,
/intl/hk/deals/v2/brandstorev2/listings/categorypage/household/bathing,1197784318,"居家生活
",浴室用品,廁所配件,,,,,,,,,
/intl/hk/deals/v2/brandstorev2/listings/categorypage/household/bathing,1197784318,"居家生活
",浴室用品,洗手用具,,,,,,,,,
/intl/hk/deals/v2/brandstorev2/listings/categorypage/household/bathing,1197784318,"居家生活
",浴室用品,毛巾桿及毛巾架,,,,,,,,,
/intl/hk/deals/v2/brandstorev2/listings/categorypage/household/bathing,1197784318,"居家生活
",浴室用品,磅,,,,,,,,,
/intl/hk/deals/v2/brandstorev2/listings/categorypage/household/bathing,1197784318,"居家生活
",浴室用品,鏡,,,,,,,,,
/intl/hk/deals/v2/brandstorev2/listings/categorypage/household/bathing,1197784318,"居家生活
",浴室用品,鏡櫃,,,,,,,,,
/intl/hk/deals/v2/brandstorev2/listings/categorypage/household/bathing,1197784318,"居家生活
",浴室用品,其他,,,,,,,,,
/intl/hk/deals/v2/brandstorev2/listings/categorypage/household/gardening,1197784319,"居家生活
",園藝,"庭院休閒桌椅
",,,,,,,,,
/intl/hk/deals/v2/brandstorev2/listings/categorypage/household/gardening,1197784319,"居家生活
",園藝,庭院造景燈,,,,,,,,,
/intl/hk/deals/v2/brandstorev2/listings/categorypage/household/gardening,1197784319,"居家生活
",園藝,種子/球根,,,,,,,,,
/intl/hk/deals/v2/brandstorev2/listings/categorypage/household/gardening,1197784319,"居家生活
",園藝,花苗/樹苗,,,,,,,,,
/intl/hk/deals/v2/brandstorev2/listings/categorypage/household/gardening,1197784319,"居家生活
",園藝,盆景/盆栽,,,,,,,,,
/intl/hk/deals/v2/brandstorev2/listings/categorypage/household/gardening,1197784319,"居家生活
",園藝,土壤介質/肥料,,,,,,,,,
/intl/hk/deals/v2/brandstorev2/listings/categorypage/household/gardening,1197784319,"居家生活
",園藝,花束,,,,,,,,,
/intl/hk/deals/v2/brandstorev2/listings/categorypage/household/gardening,1197784319,"居家生活
",園藝,花架,,,,,,,,,
/intl/hk/deals/v2/brandstorev2/listings/categorypage/household/gardening,1197784319,"居家生活
",園藝,花盆/花器,,,,,,,,,
/intl/hk/deals/v2/brandstorev2/listings/categorypage/household/gardening,1197784319,"居家生活
",園藝,園藝用品,,,,,,,,,
/intl/hk/deals/v2/brandstorev2/listings/categorypage/household/gardening,1197784319,"居家生活
",園藝,其他庭院用具,,,,,,,,,
/intl/hk/deals/v2/brandstorev2/listings/categorypage/household/furniture,1197784320,"居家生活
",寢室傢俬,床,"嬰兒床

",,,材料,實木||不鏽鋼||鐵,No,Yes,,Checkbox
/intl/hk/deals/v2/brandstorev2/listings/categorypage/household/furniture,1197784320,"居家生活
",寢室傢俬,床,單人床,,,材料,實木||不鏽鋼||鐵,No,Yes,,Checkbox
/intl/hk/deals/v2/brandstorev2/listings/categorypage/household/furniture,1197784320,"居家生活
",寢室傢俬,床,雙人床,,,材料,實木||不鏽鋼||鐵,No,Yes,,Checkbox
/intl/hk/deals/v2/brandstorev2/listings/categorypage/household/furniture,1197784320,"居家生活
",寢室傢俬,床,高架床,,,材料,實木||不鏽鋼||鐵,No,Yes,,Checkbox
/intl/hk/deals/v2/brandstorev2/listings/categorypage/household/furniture,1197784320,"居家生活
",寢室傢俬,床,子母床,,,材料,實木||不鏽鋼||鐵,No,Yes,,Checkbox
/intl/hk/deals/v2/brandstorev2/listings/categorypage/household/furniture,1197784320,"居家生活
",寢室傢俬,床,組合床,,,材料,實木||不鏽鋼||鐵,No,Yes,,Checkbox
/intl/hk/deals/v2/brandstorev2/listings/categorypage/household/furniture,1197784320,"居家生活
",寢室傢俬,床,摺床,,,材料,實木||不鏽鋼||鐵,No,Yes,,Checkbox
/intl/hk/deals/v2/brandstorev2/listings/categorypage/household/furniture,1197784320,"居家生活
",寢室傢俬,床,"其他
",,,,,,,,
/intl/hk/deals/v2/brandstorev2/listings/categorypage/household/furniture,1197784320,"居家生活
",寢室傢俬,"衣櫃
",,,,,,,,,
/intl/hk/deals/v2/brandstorev2/listings/categorypage/household/furniture,1197784320,"居家生活
",寢室傢俬,抽屜櫃,,,,,,,,,
/intl/hk/deals/v2/brandstorev2/listings/categorypage/household/furniture,1197784320,"居家生活
",寢室傢俬,床頭几,,,,,,,,,
/intl/hk/deals/v2/brandstorev2/listings/categorypage/household/furniture,1197784320,"居家生活
",寢室傢俬,梳妝檯,,,,,,,,,
/intl/hk/deals/v2/brandstorev2/listings/categorypage/household/furniture,1197784320,"居家生活
",寢室傢俬,飾物櫃,,,,,,,,,
/intl/hk/deals/v2/brandstorev2/listings/categorypage/household/furniture,1197784320,"居家生活
",寢室傢俬,其他,,,,,,,,,
/intl/hk/deals/v2/brandstorev2/listings/categorypage/household/bedding,1197784321,"居家生活
",寢室用品,床褥及床墊,,,,軟硬度,硬身||適中||軟身,No,Yes,,Radiobox
/intl/hk/deals/v2/brandstorev2/listings/categorypage/household/bedding,1197784321,"居家生活
",寢室用品,床褥及床墊,,,,材料,彈簧||泡膠||乳膠,No,Yes,,Radiobox
/intl/hk/deals/v2/brandstorev2/listings/categorypage/household/bedding,1197784321,"居家生活
",寢室用品,床褥及床墊,,,,尺寸,單人||雙人,No,Yes,,Radiobox
/intl/hk/deals/v2/brandstorev2/listings/categorypage/household/bedding,1197784321,"居家生活
",寢室用品,枕頭/攬枕/咕臣,,,,軟硬度,硬身||適中||軟身,No,Yes,,Radiobox
/intl/hk/deals/v2/brandstorev2/listings/categorypage/household/bedding,1197784321,"居家生活
",寢室用品,床品套裝,"床品套裝
",,,,,,,,
/intl/hk/deals/v2/brandstorev2/listings/categorypage/household/bedding,1197784321,"居家生活
",寢室用品,床品套裝,床單,,,,,,,,
/intl/hk/deals/v2/brandstorev2/listings/categorypage/household/bedding,1197784321,"居家生活
",寢室用品,床品套裝,床笠,,,,,,,,
/intl/hk/deals/v2/brandstorev2/listings/categorypage/household/bedding,1197784321,"居家生活
",寢室用品,床品套裝,枕袋,,,,,,,,
/intl/hk/deals/v2/brandstorev2/listings/categorypage/household/bedding,1197784321,"居家生活
",寢室用品,床品套裝,被袋,,,,,,,,
/intl/hk/deals/v2/brandstorev2/listings/categorypage/household/bedding,1197784321,"居家生活
",寢室用品,床品套裝,冷氣被,,,,,,,,
/intl/hk/deals/v2/brandstorev2/listings/categorypage/household/bedding,1197784321,"居家生活
",寢室用品,床品套裝,多用被,,,,,,,,
/intl/hk/deals/v2/brandstorev2/listings/categorypage/household/bedding,1197784321,"居家生活
",寢室用品,床品套裝,羽絨被,,,,,,,,
/intl/hk/deals/v2/brandstorev2/listings/categorypage/household/bedding,1197784321,"居家生活
",寢室用品,床品套裝,"其他
",,,,,,,,
/intl/hk/deals/v2/brandstorev2/listings/categorypage/household/bedding,1197784321,"居家生活
",寢室用品,其他,,,,,,,,,
/intl/hk/deals/v2/brandstorev2/listings/categorypage/pets/dogs,1197784322,寵物,狗專區,食品,"乾糧
",,,品種,小型犬||中型犬||大型犬||幼犬||成犬||老犬||懷孕犬||減肥犬,No,Yes,,Checkbox
/intl/hk/deals/v2/brandstorev2/listings/categorypage/pets/dogs,1197784322,寵物,狗專區,食品,濕糧,,,品種,小型犬||中型犬||大型犬||幼犬||成犬||老犬||懷孕犬||減肥犬,No,Yes,,Checkbox
/intl/hk/deals/v2/brandstorev2/listings/categorypage/pets/dogs,1197784322,寵物,狗專區,食品,零食,,,品種,小型犬||中型犬||大型犬||幼犬||成犬||老犬||懷孕犬||減肥犬,No,Yes,,Checkbox
/intl/hk/deals/v2/brandstorev2/listings/categorypage/pets/dogs,1197784322,寵物,狗專區,食品,其他,,,,,,,,
/intl/hk/deals/v2/brandstorev2/listings/categorypage/pets/dogs,1197784322,寵物,狗專區,營養保健品,,,,品種,小型犬||中型犬||大型犬||幼犬||成犬||老犬||懷孕犬||減肥犬,No,Yes,,Checkbox
/intl/hk/deals/v2/brandstorev2/listings/categorypage/pets/dogs,1197784322,寵物,狗專區,玩具用品,,,,,,,,,
/intl/hk/deals/v2/brandstorev2/listings/categorypage/pets/dogs,1197784322,寵物,狗專區,其他,,,,,,,,,
/intl/hk/deals/v2/brandstorev2/listings/categorypage/pets/cats,1197784323,寵物,貓專區,食品,"乾糧
",,,品種,"小型貓||中型貓||大型貓||幼貓||成貓||老貓||懷孕貓||減肥貓
",No,Yes,,Checkbox
/intl/hk/deals/v2/brandstorev2/listings/categorypage/pets/cats,1197784323,寵物,貓專區,食品,濕糧,,,品種,"小型貓||中型貓||大型貓||幼貓||成貓||老貓||懷孕貓||減肥貓
",No,Yes,,Checkbox
/intl/hk/deals/v2/brandstorev2/listings/categorypage/pets/cats,1197784323,寵物,貓專區,食品,零食,,,品種,"小型貓||中型貓||大型貓||幼貓||成貓||老貓||懷孕貓||減肥貓
",No,Yes,,Checkbox
/intl/hk/deals/v2/brandstorev2/listings/categorypage/pets/cats,1197784323,寵物,貓專區,食品,其他,,,,,,,,
/intl/hk/deals/v2/brandstorev2/listings/categorypage/pets/cats,1197784323,寵物,貓專區,貓草/化毛膏,,,,,,,,,
/intl/hk/deals/v2/brandstorev2/listings/categorypage/pets/cats,1197784323,寵物,貓專區,營養保健品,,,,品種,"小型貓||中型貓||大型貓||幼貓||成貓||老貓||懷孕貓||減肥貓
",No,Yes,,Checkbox
/intl/hk/deals/v2/brandstorev2/listings/categorypage/pets/cats,1197784323,寵物,貓專區,玩具用品,,,,,,,,,
/intl/hk/deals/v2/brandstorev2/listings/categorypage/pets/cats,1197784323,寵物,貓專區,貓砂,,,,質地,木砂||水晶砂||豆腐砂||紙砂||粟米||小麥砂||果仁||凝結砂,No,Yes,,Radiobox
/intl/hk/deals/v2/brandstorev2/listings/categorypage/pets/cats,1197784323,寵物,貓專區,貓砂鏟,,,,,,,,,
/intl/hk/deals/v2/brandstorev2/listings/categorypage/pets/cats,1197784323,寵物,貓專區,其他,,,,,,,,,
/intl/hk/deals/v2/brandstorev2/listings/categorypage/pets/health_care,1197784324,寵物,醫療及保健,,,,,,,,,,
/intl/hk/deals/v2/brandstorev2/listings/categorypage/pets/fashion,1197784325,寵物,衣服配件,"衣服/配件

",,,,,,,,,
/intl/hk/deals/v2/brandstorev2/listings/categorypage/pets/fashion,1197784325,寵物,衣服配件,口罩/ 頭罩,,,,,,,,,
/intl/hk/deals/v2/brandstorev2/listings/categorypage/pets/fashion,1197784325,寵物,衣服配件,寵物鞋,,,,,,,,,
/intl/hk/deals/v2/brandstorev2/listings/categorypage/pets/fashion,1197784325,寵物,衣服配件,領巾/吊飾,,,,,,,,,
/intl/hk/deals/v2/brandstorev2/listings/categorypage/pets/fashion,1197784325,寵物,衣服配件,項圈/牽繩,,,,,,,,,
/intl/hk/deals/v2/brandstorev2/listings/categorypage/pets/fashion,1197784325,寵物,衣服配件,寵物背包,,,,,,,,,
/intl/hk/deals/v2/brandstorev2/listings/categorypage/pets/fashion,1197784325,寵物,衣服配件,其他,,,,,,,,,
/intl/hk/deals/v2/brandstorev2/listings/categorypage/pets/beauty,1197784326,寵物,美容清潔,"洗毛液
",,,,,,,,,
/intl/hk/deals/v2/brandstorev2/listings/categorypage/pets/beauty,1197784326,寵物,美容清潔,眼耳清潔,,,,,,,,,
/intl/hk/deals/v2/brandstorev2/listings/categorypage/pets/beauty,1197784326,寵物,美容清潔,牙膏/牙刷,,,,,,,,,
/intl/hk/deals/v2/brandstorev2/listings/categorypage/pets/beauty,1197784326,寵物,美容清潔,電剪/指甲器,,,,,,,,,
/intl/hk/deals/v2/brandstorev2/listings/categorypage/pets/beauty,1197784326,寵物,美容清潔,毛巾毛刷,,,,,,,,,
/intl/hk/deals/v2/brandstorev2/listings/categorypage/pets/beauty,1197784326,寵物,美容清潔,除臭噴霧,,,,,,,,,
/intl/hk/deals/v2/brandstorev2/listings/categorypage/pets/beauty,1197784326,寵物,美容清潔,環境清潔品,,,,,,,,,
/intl/hk/deals/v2/brandstorev2/listings/categorypage/pets/beauty,1197784326,寵物,美容清潔,防蚤/驅蟲,,,,,,,,,
/intl/hk/deals/v2/brandstorev2/listings/categorypage/pets/beauty,1197784326,寵物,美容清潔,其他,,,,,,,,,
/intl/hk/deals/v2/brandstorev2/listings/categorypage/pets/daily_commodity,1197784327,寵物,日用品,"食物器具



",,,,,,,,,
/intl/hk/deals/v2/brandstorev2/listings/categorypage/pets/daily_commodity,1197784327,寵物,日用品,飲水器具,,,,,,,,,
/intl/hk/deals/v2/brandstorev2/listings/categorypage/pets/daily_commodity,1197784327,寵物,日用品,糧筒/糧鏟,,,,,,,,,
/intl/hk/deals/v2/brandstorev2/listings/categorypage/pets/daily_commodity,1197784327,寵物,日用品,尿墊盤,,,,,,,,,
/intl/hk/deals/v2/brandstorev2/listings/categorypage/pets/daily_commodity,1197784327,寵物,日用品,尿片,,,,,,,,,
/intl/hk/deals/v2/brandstorev2/listings/categorypage/pets/daily_commodity,1197784327,寵物,日用品,其他,,,,,,,,,
/intl/hk/deals/v2/brandstorev2/listings/categorypage/pets/household_product,1197784328,寵物,起居用品,"圍欄/狗籠
",,,,,,,,,
/intl/hk/deals/v2/brandstorev2/listings/categorypage/pets/household_product,1197784328,寵物,起居用品,睡窩,,,,,,,,,
/intl/hk/deals/v2/brandstorev2/listings/categorypage/pets/household_product,1197784328,寵物,起居用品,床墊,,,,,,,,,
/intl/hk/deals/v2/brandstorev2/listings/categorypage/pets/household_product,1197784328,寵物,起居用品,冰涼墊,,,,,,,,,
/intl/hk/deals/v2/brandstorev2/listings/categorypage/pets/household_product,1197784328,寵物,起居用品,抓板/跳台,,,,,,,,,
/intl/hk/deals/v2/brandstorev2/listings/categorypage/pets/household_product,1197784328,寵物,起居用品,飲水/餵食器,,,,,,,,,
/intl/hk/deals/v2/brandstorev2/listings/categorypage/pets/household_product,1197784328,寵物,起居用品,提籠/背袋,,,,,,,,,
/intl/hk/deals/v2/brandstorev2/listings/categorypage/pets/household_product,1197784328,寵物,起居用品,推車,,,,,,,,,
/intl/hk/deals/v2/brandstorev2/listings/categorypage/pets/household_product,1197784328,寵物,起居用品,訓練用品,,,,,,,,,
/intl/hk/deals/v2/brandstorev2/listings/categorypage/pets/household_product,1197784328,寵物,起居用品,頸帶/ 拖帶,,,,,,,,,
/intl/hk/deals/v2/brandstorev2/listings/categorypage/pets/household_product,1197784328,寵物,起居用品,生活雜貨,,,,,,,,,
/intl/hk/deals/v2/brandstorev2/listings/categorypage/pets/household_product,1197784328,寵物,起居用品,其他,,,,,,,,,
/intl/hk/deals/v2/brandstorev2/listings/categorypage/pets/cleansing,1197784329,寵物,家居清潔,,,,,,,,,,
/intl/hk/deals/v2/brandstorev2/listings/categorypage/pets/aquatic,1197784330,寵物,水族專區,"魚/龜/蛙飼料

",,,,,,,,,
/intl/hk/deals/v2/brandstorev2/listings/categorypage/pets/aquatic,1197784330,寵物,水族專區,魚缸/套缸,,,,,,,,,
/intl/hk/deals/v2/brandstorev2/listings/categorypage/pets/aquatic,1197784330,寵物,水族專區,馬達設備,,,,,,,,,
/intl/hk/deals/v2/brandstorev2/listings/categorypage/pets/aquatic,1197784330,寵物,水族專區,過濾設備,,,,,,,,,
/intl/hk/deals/v2/brandstorev2/listings/categorypage/pets/aquatic,1197784330,寵物,水族專區,照明設備,,,,,,,,,
/intl/hk/deals/v2/brandstorev2/listings/categorypage/pets/aquatic,1197784330,寵物,水族專區,溫度設備,,,,,,,,,
/intl/hk/deals/v2/brandstorev2/listings/categorypage/pets/aquatic,1197784330,寵物,水族專區,水質試劑,,,,,,,,,
/intl/hk/deals/v2/brandstorev2/listings/categorypage/pets/aquatic,1197784330,寵物,水族專區,水族用品,,,,,,,,,
/intl/hk/deals/v2/brandstorev2/listings/categorypage/pets/aquatic,1197784330,寵物,水族專區,其他,,,,,,,,,
/intl/hk/deals/v2/brandstorev2/listings/categorypage/pets/other_pets,1197784331,寵物,其他寵物,食品,"乾糧
",,,,,,,,
/intl/hk/deals/v2/brandstorev2/listings/categorypage/pets/other_pets,1197784331,寵物,其他寵物,食品,濕糧,,,,,,,,
/intl/hk/deals/v2/brandstorev2/listings/categorypage/pets/other_pets,1197784331,寵物,其他寵物,食品,零食,,,,,,,,
/intl/hk/deals/v2/brandstorev2/listings/categorypage/pets/other_pets,1197784331,寵物,其他寵物,食品,其他,,,,,,,,
/intl/hk/deals/v2/brandstorev2/listings/categorypage/pets/other_pets,1197784331,寵物,其他寵物,營養保健品,,,,,,,,,
/intl/hk/deals/v2/brandstorev2/listings/categorypage/pets/other_pets,1197784331,寵物,其他寵物,其他,,,,,,,,,
/intl/hk/deals/v2/brandstorev2/listings/categorypage/toys_and_stationery/cosplay,1197784332,"玩具,模型及文具精品",動漫服飾與配件,"服裝
",,,,,,,,,
/intl/hk/deals/v2/brandstorev2/listings/categorypage/toys_and_stationery/cosplay,1197784332,"玩具,模型及文具精品",動漫服飾與配件,鞋襪,,,,,,,,,
/intl/hk/deals/v2/brandstorev2/listings/categorypage/toys_and_stationery/cosplay,1197784332,"玩具,模型及文具精品",動漫服飾與配件,飾物,,,,,,,,,
/intl/hk/deals/v2/brandstorev2/listings/categorypage/toys_and_stationery/cosplay,1197784332,"玩具,模型及文具精品",動漫服飾與配件,配件,,,,,,,,,
/intl/hk/deals/v2/brandstorev2/listings/categorypage/toys_and_stationery/cosplay,1197784332,"玩具,模型及文具精品",動漫服飾與配件,護理工具,,,,,,,,,
/intl/hk/deals/v2/brandstorev2/listings/categorypage/toys_and_stationery/cosplay,1197784332,"玩具,模型及文具精品",動漫服飾與配件,紋身貼紙,,,,,,,,,
/intl/hk/deals/v2/brandstorev2/listings/categorypage/toys_and_stationery/cosplay,1197784332,"玩具,模型及文具精品",動漫服飾與配件,化妝品,,,,,,,,,
/intl/hk/deals/v2/brandstorev2/listings/categorypage/toys_and_stationery/cosplay,1197784332,"玩具,模型及文具精品",動漫服飾與配件,其他,,,,,,,,,
/intl/hk/deals/v2/brandstorev2/listings/categorypage/toys_and_stationery/dolls,1197784333,"玩具,模型及文具精品",洋娃娃與配件,,,,,種類,洋娃娃||洋娃娃屋及家具||洋娃娃服飾||洋娃娃配件||珍藏洋娃娃及雕像,No,Yes,,Radiobox
/intl/hk/deals/v2/brandstorev2/listings/categorypage/toys_and_stationery/electronic_toys,1197784337,"玩具,模型及文具精品",電動玩具,,,,,種類,電動太空玩具及配件||電動射擊玩具||電動玩具動物||電動玩具摩托車||電動玩具機械人||電動玩具火箭||電動玩具火車||電動玩具燈||電動玩具船||電動玩具賽車及配件||電動玩具車||電動玩具飛機||電動閃光玩具,No,Yes,,Radiobox
/intl/hk/deals/v2/brandstorev2/listings/categorypage/toys_and_stationery/family_toys,1197784335,"玩具,模型及文具精品",親子遊戲,,,,,種類,砌圖||棋類||卡類||其他,No,Yes,,Radiobox
/intl/hk/deals/v2/brandstorev2/listings/categorypage/toys_and_stationery/education_toys,1197784336,"玩具,模型及文具精品",益智及模擬玩具,"砌圖
",,,,種類,立體拼圖||平面拼圖,No,Yes,,Radiobox
/intl/hk/deals/v2/brandstorev2/listings/categorypage/toys_and_stationery/education_toys,1197784336,"玩具,模型及文具精品",益智及模擬玩具,電子,,,,,,,,,
/intl/hk/deals/v2/brandstorev2/listings/categorypage/toys_and_stationery/education_toys,1197784336,"玩具,模型及文具精品",益智及模擬玩具,電視遊戲機,,,,,,,,,
/intl/hk/deals/v2/brandstorev2/listings/categorypage/toys_and_stationery/education_toys,1197784336,"玩具,模型及文具精品",益智及模擬玩具,棋具,,,,,,,,,
/intl/hk/deals/v2/brandstorev2/listings/categorypage/toys_and_stationery/education_toys,1197784336,"玩具,模型及文具精品",益智及模擬玩具,玩具書寫板及工具,,,,,,,,,
/intl/hk/deals/v2/brandstorev2/listings/categorypage/toys_and_stationery/education_toys,1197784336,"玩具,模型及文具精品",益智及模擬玩具,棋盤,,,,,,,,,
/intl/hk/deals/v2/brandstorev2/listings/categorypage/toys_and_stationery/education_toys,1197784336,"玩具,模型及文具精品",益智及模擬玩具,鐵線砌圖遊戲,,,,,,,,,
/intl/hk/deals/v2/brandstorev2/listings/categorypage/toys_and_stationery/education_toys,1197784336,"玩具,模型及文具精品",益智及模擬玩具,魔方,,,,,,,,,
/intl/hk/deals/v2/brandstorev2/listings/categorypage/toys_and_stationery/education_toys,1197784336,"玩具,模型及文具精品",益智及模擬玩具,泥膠,,,,,,,,,
/intl/hk/deals/v2/brandstorev2/listings/categorypage/toys_and_stationery/education_toys,1197784336,"玩具,模型及文具精品",益智及模擬玩具,神奇畫板,,,,,,,,,
/intl/hk/deals/v2/brandstorev2/listings/categorypage/toys_and_stationery/education_toys,1197784336,"玩具,模型及文具精品",益智及模擬玩具,積木,,,,,,,,,
/intl/hk/deals/v2/brandstorev2/listings/categorypage/toys_and_stationery/education_toys,1197784336,"玩具,模型及文具精品",益智及模擬玩具,電腦學習系統,,,,,,,,,
/intl/hk/deals/v2/brandstorev2/listings/categorypage/toys_and_stationery/education_toys,1197784336,"玩具,模型及文具精品",益智及模擬玩具,電腦遊戲軟件,,,,,,,,,
/intl/hk/deals/v2/brandstorev2/listings/categorypage/toys_and_stationery/education_toys,1197784336,"玩具,模型及文具精品",益智及模擬玩具,其他,,,,,,,,,
/intl/hk/deals/v2/brandstorev2/listings/categorypage/toys_and_stationery/magic_toys,1197784334,"玩具,模型及文具精品",魔術、整蠱玩具,,,,,,,,,,
/intl/hk/deals/v2/brandstorev2/listings/categorypage/toys_and_stationery/capsule_toys,1197784338,"玩具,模型及文具精品",扭蛋食玩,,,,,種類,動漫畫系列||動物、昆蟲、植物||軍事武器||歷史情景||神話、童話||靈異、科幻||生活用品、食物,No,Yes,,Radiobox
/intl/hk/deals/v2/brandstorev2/listings/categorypage/toys_and_stationery/party_essentials,1197784339,"玩具,模型及文具精品",節日及派對產品,聖誕裝飾用品,,,,種類,人造聖誕樹||塑膠及彩箔聖誕花環||水晶球||聖誕樹 (新鮮植物)||聖誕燈飾||聖誕襪||其他,No,Yes,,Radiobox
/intl/hk/deals/v2/brandstorev2/listings/categorypage/toys_and_stationery/party_essentials,1197784339,"玩具,模型及文具精品",節日及派對產品,聯歡會用品,,,,種類,"五彩碎紙及金粉||吹氣棒棒||夜光物品||汽球||派對用品||煙花||燈籠||紋身紙||聯歡會服飾||鏡片裝飾球
",No,Yes,,Radiobox
/intl/hk/deals/v2/brandstorev2/listings/categorypage/toys_and_stationery/party_essentials,1197784339,"玩具,模型及文具精品",節日及派對產品,萬聖節用品,,,,,,,,,
/intl/hk/deals/v2/brandstorev2/listings/categorypage/toys_and_stationery/party_essentials,1197784339,"玩具,模型及文具精品",節日及派對產品,復活節飾品,,,,,,,,,
/intl/hk/deals/v2/brandstorev2/listings/categorypage/toys_and_stationery/party_essentials,1197784339,"玩具,模型及文具精品",節日及派對產品,用後即棄用品,,,,種類,碟及杯||餐具,No,Yes,,Radiobox
/intl/hk/deals/v2/brandstorev2/listings/categorypage/toys_and_stationery/party_essentials,1197784339,"玩具,模型及文具精品",節日及派對產品,其他,,,,,,,,,
/intl/hk/deals/v2/brandstorev2/listings/categorypage/toys_and_stationery/figures,1197784340,"玩具,模型及文具精品",模型,,,,,種類,汽車模型||火車模型||船模型||軍事模型||高達模型||槍械模型||模型配件||飛機模型||建築場景模型||模型制作工具||動物模型||昆蟲模型,No,Yes,,Radiobox
/intl/hk/deals/v2/brandstorev2/listings/categorypage/toys_and_stationery/outdoor_toys,1197784341,"玩具,模型及文具精品",戶外玩具,,,,,種類,球類運動玩具||游泳/充氣玩具||沙灘玩具||槍類玩具||陀螺||飛盤/飛碟||兒童跳繩||大型運動玩具||其他運動玩具 ,No,Yes,,Radiobox
/intl/hk/deals/v2/brandstorev2/listings/categorypage/toys_and_stationery/baby_toys,1197784342,"玩具,模型及文具精品",嬰幼兒玩具,,,,,,,,,,
/intl/hk/deals/v2/brandstorev2/listings/categorypage/toys_and_stationery/stationery,1197784343,"玩具,模型及文具精品",文具,"墨水筆
",,,,,,,,,
/intl/hk/deals/v2/brandstorev2/listings/categorypage/toys_and_stationery/stationery,1197784343,"玩具,模型及文具精品",文具,記事本,,,,,,,,,
/intl/hk/deals/v2/brandstorev2/listings/categorypage/toys_and_stationery/stationery,1197784343,"玩具,模型及文具精品",文具,圓珠筆,,,,,,,,,
/intl/hk/deals/v2/brandstorev2/listings/categorypage/toys_and_stationery/stationery,1197784343,"玩具,模型及文具精品",文具,橡皮擦,,,,,,,,,
/intl/hk/deals/v2/brandstorev2/listings/categorypage/toys_and_stationery/stationery,1197784343,"玩具,模型及文具精品",文具,文具盒/筆袋,,,,,,,,,
/intl/hk/deals/v2/brandstorev2/listings/categorypage/toys_and_stationery/stationery,1197784343,"玩具,模型及文具精品",文具,文具套裝/禮盒,,,,,,,,,
/intl/hk/deals/v2/brandstorev2/listings/categorypage/toys_and_stationery/stationery,1197784343,"玩具,模型及文具精品",文具,便條紙,,,,,,,,,
/intl/hk/deals/v2/brandstorev2/listings/categorypage/toys_and_stationery/stationery,1197784343,"玩具,模型及文具精品",文具,塗改液/塗改帶,,,,,,,,,
/intl/hk/deals/v2/brandstorev2/listings/categorypage/toys_and_stationery/stationery,1197784343,"玩具,模型及文具精品",文具,別針/回形針,,,,,,,,,
/intl/hk/deals/v2/brandstorev2/listings/categorypage/toys_and_stationery/stationery,1197784343,"玩具,模型及文具精品",文具,鉛筆,,,,,,,,,
/intl/hk/deals/v2/brandstorev2/listings/categorypage/toys_and_stationery/stationery,1197784343,"玩具,模型及文具精品",文具,鉛芯筆,,,,,,,,,
/intl/hk/deals/v2/brandstorev2/listings/categorypage/toys_and_stationery/stationery,1197784343,"玩具,模型及文具精品",文具,替芯/鉛芯,,,,,,,,,
/intl/hk/deals/v2/brandstorev2/listings/categorypage/toys_and_stationery/stationery,1197784343,"玩具,模型及文具精品",文具,筆筒/座/插/架,,,,,,,,,
/intl/hk/deals/v2/brandstorev2/listings/categorypage/toys_and_stationery/stationery,1197784343,"玩具,模型及文具精品",文具,計數機,,,,,,,,,
/intl/hk/deals/v2/brandstorev2/listings/categorypage/toys_and_stationery/stationery,1197784343,"玩具,模型及文具精品",文具,膠帶/膠紙/膠條,,,,,,,,,
/intl/hk/deals/v2/brandstorev2/listings/categorypage/toys_and_stationery/stationery,1197784343,"玩具,模型及文具精品",文具,文件夾/文件袋,,,,,,,,,
/intl/hk/deals/v2/brandstorev2/listings/categorypage/toys_and_stationery/stationery,1197784343,"玩具,模型及文具精品",文具,鋼筆,,,,,,,,,
/intl/hk/deals/v2/brandstorev2/listings/categorypage/toys_and_stationery/stationery,1197784343,"玩具,模型及文具精品",文具,其他,,,,,,,,,
/intl/hk/deals/v2/brandstorev2/listings/categorypage/toys_and_stationery/accessories,1197784344,"玩具,模型及文具精品",裝飾品,,,,,材質,"塑膠||布||搪瓷||木||樹脂||水晶||漆器||玻璃||紙||羽毛||金屬||銀||錫||陶瓷||銅
",No,Yes,,Checkbox
/intl/hk/deals/v2/brandstorev2/listings/categorypage/health_and_beauty/skin_care,1197784278,美容保健,"面部護理
",清潔產品,,,,功能,卸妝||深層清潔||保濕||滋潤||美白||控油||提亮膚色||粉刺/抗痘||抗衰老/抗氧化||去角質||去黑頭||舒緩/抗敏感||抗皺/去紋||祛斑,No,Yes,,Checkbox
/intl/hk/deals/v2/brandstorev2/listings/categorypage/health_and_beauty/skin_care,1197784278,,,,,,,質地,潔面乳||潔面泡沫||潔面皂||潔面啫喱||潔面露||潔面泥||潔面粉||潔面纸巾||潔面油||磨砂||黑頭護理貼,No,Yes,,Radiobox
/intl/hk/deals/v2/brandstorev2/listings/categorypage/health_and_beauty/skin_care,1197784278,美容保健,"面部護理
",爽膚,,,,功能,爽膚水||柔膚水||緊膚水||精華水||保濕||滋潤||美白||控油||提亮膚色||粉刺/抗痘||抗衰老/抗氧化||去角質||去黑頭||舒緩/抗敏感||抗皺/去紋||祛斑,No,Yes,,Checkbox
/intl/hk/deals/v2/brandstorev2/listings/categorypage/health_and_beauty/skin_care,1197784278,美容保健,"面部護理
",精華,,,,功能,保濕||滋潤||美白||控油||提亮膚色||粉刺/抗痘||抗衰老/抗氧化||去角質||去黑頭||舒緩/抗敏感||抗皺/去紋||祛斑,No,Yes,,Checkbox
/intl/hk/deals/v2/brandstorev2/listings/categorypage/health_and_beauty/skin_care,1197784278,,,,,,,質地,精華液||精華乳||精華油,No,Yes,,Radiobox
/intl/hk/deals/v2/brandstorev2/listings/categorypage/health_and_beauty/skin_care,1197784278,美容保健,"面部護理
",面霜,,,,功能,保濕||滋潤||美白||控油||提亮膚色||粉刺/抗痘||抗衰老/抗氧化||去角質||去黑頭||舒緩/抗敏感||抗皺/去紋||祛斑,No,Yes,,Checkbox
/intl/hk/deals/v2/brandstorev2/listings/categorypage/health_and_beauty/skin_care,1197784278,,,,,,,質地,乳液||啫喱||乳霜,No,Yes,,Radiobox
/intl/hk/deals/v2/brandstorev2/listings/categorypage/health_and_beauty/skin_care,1197784278,美容保健,"面部護理
",面膜,,,,功能,保濕||滋潤||美白||控油||提亮膚色||粉刺/抗痘||抗衰老/抗氧化||去角質||去黑頭||舒緩/抗敏感||抗皺/去紋||祛斑,No,Yes,,Checkbox
/intl/hk/deals/v2/brandstorev2/listings/categorypage/health_and_beauty/skin_care,1197784278,,,,,,,質地,啫喱面膜||睡眠面膜||纸面膜||面膜粉||面膜泥,No,Yes,,Radiobox
/intl/hk/deals/v2/brandstorev2/listings/categorypage/health_and_beauty/skin_care,1197784278,美容保健,"面部護理
","禮品套裝
",,,,功能,保濕||滋潤||美白||控油||提亮膚色||粉刺/抗痘||抗衰老/抗氧化||去角質||去黑頭||舒緩/抗敏感||抗皺/去紋||祛斑||防曬,No,Yes,,Checkbox
/intl/hk/deals/v2/brandstorev2/listings/categorypage/health_and_beauty/skin_care,1197784278,美容保健,"面部護理
",其他,,,,,,No,Yes,,Checkbox
/intl/hk/deals/v2/brandstorev2/listings/categorypage/health_and_beauty/body_care,1197784279,美容保健,身體護理,體膜,,,,功能,保濕||滋潤||美白||控油||提亮膚色||抗衰老/抗氧化||去角質||舒緩/抗敏感||抗皺/去紋||祛斑||防曬,No,Yes,,Checkbox
/intl/hk/deals/v2/brandstorev2/listings/categorypage/health_and_beauty/body_care,1197784279,美容保健,身體護理,身體滋潤,,,,功能,保濕||滋潤||美白||控油||提亮膚色||抗衰老/抗氧化||去角質||舒緩/抗敏感||抗皺/去紋||祛斑||防曬,No,Yes,,Checkbox
/intl/hk/deals/v2/brandstorev2/listings/categorypage/health_and_beauty/body_care,1197784279,,,,,,,質地,"乳液||乳霜||油
",No,Yes,,Radiobox
/intl/hk/deals/v2/brandstorev2/listings/categorypage/health_and_beauty/body_care,1197784279,美容保健,身體護理,其他,,,,,,No,Yes,,
/intl/hk/deals/v2/brandstorev2/listings/categorypage/health_and_beauty/skin_care,1197784278,美容保健,唇部護理,潤唇膏,,,,功能,"保濕||滋潤||去角質||抗皺/去紋

",No,Yes,,Checkbox
/intl/hk/deals/v2/brandstorev2/listings/categorypage/health_and_beauty/lips,1197784280,美容保健,唇部護理,唇部精華,,,,功能,"保濕||滋潤||去角質||抗皺/去紋

",No,Yes,,Checkbox
/intl/hk/deals/v2/brandstorev2/listings/categorypage/health_and_beauty/lips,1197784280,美容保健,唇部護理,唇膜,,,,功能,"保濕||滋潤||去角質||抗皺/去紋

",No,Yes,,Checkbox
/intl/hk/deals/v2/brandstorev2/listings/categorypage/health_and_beauty/lips,1197784280,美容保健,唇部護理,唇部磨砂,,,,功能,"保濕||滋潤||去角質||抗皺/去紋

",No,Yes,,Checkbox
/intl/hk/deals/v2/brandstorev2/listings/categorypage/health_and_beauty/eyes,1197784281,美容保健,眼部護理,眼部精華,,,,功能,"去黑眼圈||去眼袋||去眼紋
",No,Yes,,Checkbox
/intl/hk/deals/v2/brandstorev2/listings/categorypage/health_and_beauty/eyes,1197784281,美容保健,眼部護理,眼霜,,,,功能,"去黑眼圈||去眼袋||去眼紋
",No,Yes,,Checkbox
/intl/hk/deals/v2/brandstorev2/listings/categorypage/health_and_beauty/eyes,1197784281,美容保健,眼部護理,眼膜,,,,功能,"去黑眼圈||去眼袋||去眼紋
",No,Yes,,Checkbox
/intl/hk/deals/v2/brandstorev2/listings/categorypage/health_and_beauty/eyes,1197784281,美容保健,眼部護理,其他,,,,,,No,Yes,,
/intl/hk/deals/v2/brandstorev2/listings/categorypage/health_and_beauty/personal_care,1197784282,美容保健,個人護理,沐浴用品,,,,功能,香體||保濕||滋潤||去角質||抗皺/去紋||美白||抗衰老/抗氧化||舒緩/抗敏感,No,Yes,,Checkbox
/intl/hk/deals/v2/brandstorev2/listings/categorypage/health_and_beauty/personal_care,1197784282,,,,,,,質地,沐浴露||沐浴乳||沐浴泡沫||沐浴啫喱||沐浴油||香皂||浴鹽||磨砂,No,Yes,,Radiobox
/intl/hk/deals/v2/brandstorev2/listings/categorypage/health_and_beauty/personal_care,1197784282,美容保健,個人護理,"洗髮/護髮產品
",,,,功能,"洗髮||護髮||防脫髮||去頭皮||保濕||滋潤||防癢||抗敏感||鎖色||特別護理
",No,Yes,,Checkbox
/intl/hk/deals/v2/brandstorev2/listings/categorypage/health_and_beauty/personal_care,1197784282,美容保健,個人護理,頭髮造型用品,,,,功能,"造型||定型||防過熱||順髮
",No,Yes,,Radiobox
/intl/hk/deals/v2/brandstorev2/listings/categorypage/health_and_beauty/personal_care,1197784282,,,,,,,髮質,乾性||油性||混合性||受損髮質,No,Yes,,Radiobox
/intl/hk/deals/v2/brandstorev2/listings/categorypage/health_and_beauty/personal_care,1197784282,美容保健,個人護理,牙齒用品,牙膏,,,功能,"美白||抗敏感

",No,Yes,,Checkbox
/intl/hk/deals/v2/brandstorev2/listings/categorypage/health_and_beauty/personal_care,1197784282,美容保健,個人護理,牙齒用品,"牙刷
",,,功能,"美白||抗敏感

",No,Yes,,Checkbox
/intl/hk/deals/v2/brandstorev2/listings/categorypage/health_and_beauty/personal_care,1197784282,美容保健,個人護理,牙齒用品,其他,,,,,No,Yes,,
/intl/hk/deals/v2/brandstorev2/listings/categorypage/health_and_beauty/personal_care,1197784282,美容保健,個人護理,脫毛用品,,,,部位,"腋下||手腳||比堅尼||面部||全身
",No,Yes,,Radiobox
/intl/hk/deals/v2/brandstorev2/listings/categorypage/health_and_beauty/personal_care,1197784282,,,,,,,脫毛方式,"剃刀||拔毛||蜜蠟||蠟紙||脫毛膏/啫喱

",No,Yes,,Radiobox
/intl/hk/deals/v2/brandstorev2/listings/categorypage/health_and_beauty/personal_care,1197784282,美容保健,個人護理,其他,,,,,,No,Yes,,
/intl/hk/deals/v2/brandstorev2/listings/categorypage/health_and_beauty/makeup,1197784283,美容保健,"化妝
",胭脂,,,,質地,胭脂粉||胭脂膏||胭脂水,No,Yes,,Radiobox
/intl/hk/deals/v2/brandstorev2/listings/categorypage/health_and_beauty/makeup,1197784283,美容保健,"化妝
",遮瑕,,,,質地,遮瑕粉||遮瑕膏||遮瑕液||遮瑕筆,No,Yes,,Radiobox
/intl/hk/deals/v2/brandstorev2/listings/categorypage/health_and_beauty/makeup,1197784283,美容保健,"化妝
",隔離霜,,,,質地,隔離乳液||隔離膏||隔離啫喱||隔離霜||BB霜||CC霜,No,Yes,,Radiobox
/intl/hk/deals/v2/brandstorev2/listings/categorypage/health_and_beauty/makeup,1197784283,,,,,,,功能,控油||保濕||美白||防曬,No,Yes,,Checkbox
/intl/hk/deals/v2/brandstorev2/listings/categorypage/health_and_beauty/makeup,1197784283,美容保健,"化妝
",粉底,,,,質地,粉底液||粉底霜||粉底膏||粉状||粉底||粉條||粉餅||粉饼||蜜粉,No,Yes,,Radiobox
/intl/hk/deals/v2/brandstorev2/listings/categorypage/health_and_beauty/makeup,1197784283,,,,,,,功能,控油||保濕||美白||防曬,No,Yes,,Checkbox
/intl/hk/deals/v2/brandstorev2/listings/categorypage/health_and_beauty/makeup,1197784283,美容保健,"化妝
",眼線,,,,質地,眼線筆||眼線液||眼線膠||眼線粉||眼線膏,No,Yes,,Radiobox
/intl/hk/deals/v2/brandstorev2/listings/categorypage/health_and_beauty/makeup,1197784283,美容保健,"化妝
",眉妝,,,,質地,眉筆||眉粉||眉膏/染眉膏,No,Yes,,Radiobox
/intl/hk/deals/v2/brandstorev2/listings/categorypage/health_and_beauty/makeup,1197784283,美容保健,"化妝
",眼影,,,,質地,眼影液||眼影霜||眼影膏||粉状眼影,No,Yes,,Radiobox
/intl/hk/deals/v2/brandstorev2/listings/categorypage/health_and_beauty/makeup,1197784283,美容保健,"化妝
",睫毛膏,,,,質地,睫毛膏||睫毛液,No,Yes,,Radiobox
/intl/hk/deals/v2/brandstorev2/listings/categorypage/health_and_beauty/makeup,1197784283,,,,,,,功能,增長||濃密||睫毛增生||睫毛底霜||防水,No,Yes,,Checkbox
/intl/hk/deals/v2/brandstorev2/listings/categorypage/health_and_beauty/makeup,1197784283,美容保健,"化妝
","唇膏
",,,,質地,唇膏||唇彩||唇筆,No,Yes,,Radiobox
/intl/hk/deals/v2/brandstorev2/listings/categorypage/health_and_beauty/makeup,1197784283,,,,,,,功能,鎖色||滋潤||保濕||去紋||防曬,No,Yes,,Checkbox
/intl/hk/deals/v2/brandstorev2/listings/categorypage/health_and_beauty/makeup,1197784283,美容保健,"化妝
",其他,,,,,,No,Yes,,
/intl/hk/deals/v2/brandstorev2/listings/categorypage/health_and_beauty/nails,1197784284,美容保健,美甲,指甲油,,,,功能,去黃||快乾||修護,No,Yes,,Checkbox
/intl/hk/deals/v2/brandstorev2/listings/categorypage/health_and_beauty/nails,1197784284,美容保健,美甲,洗甲水 / 去光水,,,,,,No,Yes,,
/intl/hk/deals/v2/brandstorev2/listings/categorypage/health_and_beauty/nails,1197784284,美容保健,美甲,指甲亮片/水鑽,,,,,,No,Yes,,
/intl/hk/deals/v2/brandstorev2/listings/categorypage/health_and_beauty/nails,1197784284,美容保健,美甲,美甲貼紙,,,,功能,去黃||修護,No,Yes,,Checkbox
/intl/hk/deals/v2/brandstorev2/listings/categorypage/health_and_beauty/nails,1197784284,美容保健,美甲,美甲專用膠水,,,,,,No,Yes,,
/intl/hk/deals/v2/brandstorev2/listings/categorypage/health_and_beauty/nails,1197784284,美容保健,美甲,指甲修護霜,,,,功能,去黃||修護,No,Yes,,Checkbox
/intl/hk/deals/v2/brandstorev2/listings/categorypage/health_and_beauty/nails,1197784284,美容保健,美甲,其他,,,,,,No,Yes,,
/intl/hk/deals/v2/brandstorev2/listings/categorypage/health_and_beauty/fragrances,1197784285,美容保健,"香水/香體
",止汗香體用品,止汗膏,,,,,No,Yes,,
/intl/hk/deals/v2/brandstorev2/listings/categorypage/health_and_beauty/fragrances,1197784285,美容保健,"香水/香體
",止汗香體用品,止汗噴霧,,,,,No,Yes,,
/intl/hk/deals/v2/brandstorev2/listings/categorypage/health_and_beauty/fragrances,1197784285,美容保健,"香水/香體
",止汗香體用品,止汗貼,,,,,No,Yes,,
/intl/hk/deals/v2/brandstorev2/listings/categorypage/health_and_beauty/fragrances,1197784285,美容保健,"香水/香體
",止汗香體用品,止汗走珠,,,,,No,Yes,,
/intl/hk/deals/v2/brandstorev2/listings/categorypage/health_and_beauty/fragrances,1197784285,美容保健,"香水/香體
",止汗香體用品,其他,,,,,,,,
/intl/hk/deals/v2/brandstorev2/listings/categorypage/health_and_beauty/fragrances,1197784285,美容保健,"香水/香體
",香水,香水EDP,,,,,No,Yes,,
/intl/hk/deals/v2/brandstorev2/listings/categorypage/health_and_beauty/fragrances,1197784285,美容保健,"香水/香體
",香水,淡香水EDT,,,,,No,Yes,,
/intl/hk/deals/v2/brandstorev2/listings/categorypage/health_and_beauty/fragrances,1197784285,美容保健,"香水/香體
",香水,固體香水/香膏,,,,,No,Yes,,
/intl/hk/deals/v2/brandstorev2/listings/categorypage/health_and_beauty/fragrances,1197784285,美容保健,"香水/香體
",香水,香體乳,,,,,No,Yes,,
/intl/hk/deals/v2/brandstorev2/listings/categorypage/health_and_beauty/fragrances,1197784285,美容保健,"香水/香體
",香水,淡香氛,,,,,No,Yes,,
/intl/hk/deals/v2/brandstorev2/listings/categorypage/health_and_beauty/fragrances,1197784285,美容保健,"香水/香體
",香水,古龍水EDC,,,,,No,Yes,,
/intl/hk/deals/v2/brandstorev2/listings/categorypage/health_and_beauty/fragrances,1197784285,美容保健,"香水/香體
",香水,香精,,,,,No,Yes,,
/intl/hk/deals/v2/brandstorev2/listings/categorypage/health_and_beauty/fragrances,1197784285,美容保健,"香水/香體
",香水,其他,,,,,,,,
/intl/hk/deals/v2/brandstorev2/listings/categorypage/health_and_beauty/slim,1197784286,美容保健,纖體,纖體乳 / 霜,,,,功能,消脂||去水||緊緻,No,Yes,,Checkbox
/intl/hk/deals/v2/brandstorev2/listings/categorypage/health_and_beauty/slim,1197784286,美容保健,纖體,纖體工具,,,,功能,消脂||去水||緊緻,No,Yes,,Checkbox
/intl/hk/deals/v2/brandstorev2/listings/categorypage/health_and_beauty/slim,1197784286,美容保健,纖體,纖體食品,,,,功能,通淋巴||促進代謝||阻止吸收||低卡代餐||排水/去水腫||排毒||緊緻,No,Yes,,Checkbox
/intl/hk/deals/v2/brandstorev2/listings/categorypage/health_and_beauty/slim,1197784286,美容保健,纖體,其他,,,,,,No,Yes,,
/intl/hk/deals/v2/brandstorev2/listings/categorypage/health_and_beauty/appliances,1197784287,美容保健,美容儀器,射頻機,,,,功能,保濕||滋潤||去角質||抗皺/去紋,No,Yes,,Checkbox
/intl/hk/deals/v2/brandstorev2/listings/categorypage/health_and_beauty/appliances,1197784287,美容保健,美容儀器,導入 / 導出器,,,,功能,保濕||滋潤||去角質||抗皺/去紋,No,Yes,,Checkbox
/intl/hk/deals/v2/brandstorev2/listings/categorypage/health_and_beauty/appliances,1197784287,美容保健,美容儀器,按摩器,,,,功能,抗皺/去紋||緊緻||抗衰老,No,Yes,,Checkbox
/intl/hk/deals/v2/brandstorev2/listings/categorypage/health_and_beauty/appliances,1197784287,美容保健,美容儀器,潔面儀,,,,功能,去角質||抗皺/去紋||緊緻||抗衰老,No,Yes,,Checkbox
/intl/hk/deals/v2/brandstorev2/listings/categorypage/health_and_beauty/appliances,1197784287,美容保健,美容儀器,光學美顏,,,,功能,抗皺/去紋||緊緻||抗衰老,No,Yes,,Checkbox
/intl/hk/deals/v2/brandstorev2/listings/categorypage/health_and_beauty/appliances,1197784287,美容保健,美容儀器,纖體儀器,,,,功能,通淋巴||排水/去水腫||排毒||緊緻||提升,No,Yes,,Checkbox
/intl/hk/deals/v2/brandstorev2/listings/categorypage/health_and_beauty/appliances,1197784287,美容保健,美容儀器,其他,,,,,,No,Yes,,
/intl/hk/deals/v2/brandstorev2/listings/categorypage/health_and_beauty/beauty_tools,1197784288,美容保健,美容工具,眉剪/眉刀,,,,,,No,Yes,,
/intl/hk/deals/v2/brandstorev2/listings/categorypage/health_and_beauty/beauty_tools,1197784288,美容保健,美容工具,暗瘡針,,,,,,No,Yes,,
/intl/hk/deals/v2/brandstorev2/listings/categorypage/health_and_beauty/beauty_tools,1197784288,美容保健,美容工具,潔面工具,,,,,,No,Yes,,
/intl/hk/deals/v2/brandstorev2/listings/categorypage/health_and_beauty/beauty_tools,1197784288,美容保健,美容工具,面油紙,,,,,,No,Yes,,
/intl/hk/deals/v2/brandstorev2/listings/categorypage/health_and_beauty/beauty_tools,1197784288,美容保健,美容工具,面部剃刀,,,,,,No,Yes,,
/intl/hk/deals/v2/brandstorev2/listings/categorypage/health_and_beauty/beauty_tools,1197784288,美容保健,美容工具,全身剃刀,,,,,,No,Yes,,
/intl/hk/deals/v2/brandstorev2/listings/categorypage/health_and_beauty/beauty_tools,1197784288,美容保健,美容工具,拔毛鉗,,,,,,No,Yes,,
/intl/hk/deals/v2/brandstorev2/listings/categorypage/health_and_beauty/beauty_tools,1197784288,美容保健,美容工具,鏡子,,,,,,No,Yes,,
/intl/hk/deals/v2/brandstorev2/listings/categorypage/health_and_beauty/beauty_tools,1197784288,美容保健,美容工具,梳子,,,,,,No,Yes,,
/intl/hk/deals/v2/brandstorev2/listings/categorypage/health_and_beauty/beauty_tools,1197784288,美容保健,美容工具,睫毛器,,,,,,No,Yes,,
/intl/hk/deals/v2/brandstorev2/listings/categorypage/health_and_beauty/beauty_tools,1197784288,美容保健,美容工具,清潔器,,,,,,No,Yes,,
/intl/hk/deals/v2/brandstorev2/listings/categorypage/health_and_beauty/beauty_tools,1197784288,美容保健,美容工具,噴霧補濕器,,,,,,No,Yes,,
/intl/hk/deals/v2/brandstorev2/listings/categorypage/health_and_beauty/beauty_tools,1197784288,美容保健,美容工具,其他,,,,,,No,Yes,,
/intl/hk/deals/v2/brandstorev2/listings/categorypage/health_and_beauty/aromatherapy,1197784289,美容保健,香薰,香薰精油,,,,,,No,Yes,,
/intl/hk/deals/v2/brandstorev2/listings/categorypage/health_and_beauty/aromatherapy,1197784289,美容保健,香薰,芬芳香精,,,,,,No,Yes,,
/intl/hk/deals/v2/brandstorev2/listings/categorypage/health_and_beauty/aromatherapy,1197784289,美容保健,香薰,蠟類,,,,,,No,Yes,,
/intl/hk/deals/v2/brandstorev2/listings/categorypage/health_and_beauty/aromatherapy,1197784289,美容保健,香薰,其他,,,,,,No,Yes,,
/intl/hk/deals/v2/brandstorev2/listings/categorypage/health_and_beauty/health,1197784290,美容保健,保健,保健食品,,,,,,No,Yes,,
/intl/hk/deals/v2/brandstorev2/listings/categorypage/health_and_beauty/health,1197784290,美容保健,保健,"按摩儀器
",,,,,,No,Yes,,
/intl/hk/deals/v2/brandstorev2/listings/categorypage/health_and_beauty/health,1197784290,美容保健,保健,脈衝保健儀器,,,,,,No,Yes,,
/intl/hk/deals/v2/brandstorev2/listings/categorypage/health_and_beauty/health,1197784290,美容保健,保健,止痛保健儀器,,,,,,No,Yes,,
/intl/hk/deals/v2/brandstorev2/listings/categorypage/health_and_beauty/health,1197784290,美容保健,保健,血壓計,,,,,,No,Yes,,
/intl/hk/deals/v2/brandstorev2/listings/categorypage/health_and_beauty/health,1197784290,美容保健,保健,其他,,,,,,No,Yes,,
/intl/hk/deals/v2/brandstorev2/listings/categorypage/shoes_and_bags/women_shoes,1197784291,鞋包 / 行李箱,女裝鞋,"皮鞋
",,,,,,No,Yes,,
/intl/hk/deals/v2/brandstorev2/listings/categorypage/shoes_and_bags/women_shoes,1197784291,鞋包 / 行李箱,女裝鞋,靴子,,,,,,No,Yes,,
/intl/hk/deals/v2/brandstorev2/listings/categorypage/shoes_and_bags/women_shoes,1197784291,鞋包 / 行李箱,女裝鞋,"休閒鞋
",,,,,,No,Yes,,
/intl/hk/deals/v2/brandstorev2/listings/categorypage/shoes_and_bags/women_shoes,1197784291,鞋包 / 行李箱,女裝鞋,體育運動鞋,,,,,,No,Yes,,
/intl/hk/deals/v2/brandstorev2/listings/categorypage/shoes_and_bags/women_shoes,1197784291,鞋包 / 行李箱,女裝鞋,"涼鞋/拖鞋
",,,,,,No,Yes,,
/intl/hk/deals/v2/brandstorev2/listings/categorypage/shoes_and_bags/women_shoes,1197784291,鞋包 / 行李箱,女裝鞋,芭蕾舞,,,,,,No,Yes,,
/intl/hk/deals/v2/brandstorev2/listings/categorypage/shoes_and_bags/women_shoes,1197784291,鞋包 / 行李箱,女裝鞋,"平底鞋
",,,,,,No,Yes,,
/intl/hk/deals/v2/brandstorev2/listings/categorypage/shoes_and_bags/women_shoes,1197784291,鞋包 / 行李箱,女裝鞋,高跟鞋,,,,,,No,Yes,,
/intl/hk/deals/v2/brandstorev2/listings/categorypage/shoes_and_bags/women_shoes,1197784291,鞋包 / 行李箱,女裝鞋,其他,,,,,,No,Yes,,
/intl/hk/deals/v2/brandstorev2/listings/categorypage/shoes_and_bags/men_shoes,1197784292,鞋包 / 行李箱,男裝鞋,"皮鞋
",,,,,,No,Yes,,
/intl/hk/deals/v2/brandstorev2/listings/categorypage/shoes_and_bags/men_shoes,1197784292,鞋包 / 行李箱,男裝鞋,靴子,,,,,,No,Yes,,
/intl/hk/deals/v2/brandstorev2/listings/categorypage/shoes_and_bags/men_shoes,1197784292,鞋包 / 行李箱,男裝鞋,"休閒鞋
",,,,,,No,Yes,,
/intl/hk/deals/v2/brandstorev2/listings/categorypage/shoes_and_bags/men_shoes,1197784292,鞋包 / 行李箱,男裝鞋,體育運動鞋,,,,,,No,Yes,,
/intl/hk/deals/v2/brandstorev2/listings/categorypage/shoes_and_bags/men_shoes,1197784292,鞋包 / 行李箱,男裝鞋,"涼鞋/拖鞋
",,,,,,No,Yes,,
/intl/hk/deals/v2/brandstorev2/listings/categorypage/shoes_and_bags/men_shoes,1197784292,鞋包 / 行李箱,男裝鞋,其他,,,,,,No,Yes,,
/intl/hk/deals/v2/brandstorev2/listings/categorypage/shoes_and_bags/unisex_shoes,1197784293,鞋包 / 行李箱,中性鞋,"皮鞋
",,,,,,No,Yes,,
/intl/hk/deals/v2/brandstorev2/listings/categorypage/shoes_and_bags/unisex_shoes,1197784293,鞋包 / 行李箱,中性鞋,靴子,,,,,,No,Yes,,
/intl/hk/deals/v2/brandstorev2/listings/categorypage/shoes_and_bags/unisex_shoes,1197784293,鞋包 / 行李箱,中性鞋,"休閒鞋
",,,,,,No,Yes,,
/intl/hk/deals/v2/brandstorev2/listings/categorypage/shoes_and_bags/unisex_shoes,1197784293,鞋包 / 行李箱,中性鞋,體育運動鞋,,,,,,No,Yes,,
/intl/hk/deals/v2/brandstorev2/listings/categorypage/shoes_and_bags/unisex_shoes,1197784293,鞋包 / 行李箱,中性鞋,"涼鞋/拖鞋
",,,,,,No,Yes,,
/intl/hk/deals/v2/brandstorev2/listings/categorypage/shoes_and_bags/unisex_shoes,1197784293,鞋包 / 行李箱,中性鞋,其他,,,,,,No,Yes,,
/intl/hk/deals/v2/brandstorev2/listings/categorypage/shoes_and_bags/kids_shoes,1197784294,鞋包 / 行李箱,童裝鞋,"皮鞋
",,,,,,No,Yes,,
/intl/hk/deals/v2/brandstorev2/listings/categorypage/shoes_and_bags/kids_shoes,1197784294,鞋包 / 行李箱,童裝鞋,靴子,,,,,,No,Yes,,
/intl/hk/deals/v2/brandstorev2/listings/categorypage/shoes_and_bags/kids_shoes,1197784294,鞋包 / 行李箱,童裝鞋,"休閒鞋
",,,,,,No,Yes,,
/intl/hk/deals/v2/brandstorev2/listings/categorypage/shoes_and_bags/kids_shoes,1197784294,鞋包 / 行李箱,童裝鞋,體育運動鞋,,,,,,No,Yes,,
/intl/hk/deals/v2/brandstorev2/listings/categorypage/shoes_and_bags/kids_shoes,1197784294,鞋包 / 行李箱,童裝鞋,"涼鞋/拖鞋
",,,,,,No,Yes,,
/intl/hk/deals/v2/brandstorev2/listings/categorypage/shoes_and_bags/kids_shoes,1197784294,鞋包 / 行李箱,童裝鞋,其他,,,,,,No,Yes,,
/intl/hk/deals/v2/brandstorev2/listings/categorypage/shoes_and_bags/clutches,1197784295,鞋包 / 行李箱,手拿/手挽袋,,,,,,,No,Yes,,
/intl/hk/deals/v2/brandstorev2/listings/categorypage/shoes_and_bags/tote_bags,1197784296,鞋包 / 行李箱,側揹/斜揹袋,,,,,,,No,Yes,,
/intl/hk/deals/v2/brandstorev2/listings/categorypage/shoes_and_bags/laptop_pouches,1197784297,鞋包 / 行李箱,手提電腦袋,,,,,,,No,Yes,,
/intl/hk/deals/v2/brandstorev2/listings/categorypage/shoes_and_bags/backpacks,1197784298,鞋包 / 行李箱,背囊,體育運動背囊,,,,,,No,Yes,,
/intl/hk/deals/v2/brandstorev2/listings/categorypage/shoes_and_bags/backpacks,1197784298,鞋包 / 行李箱,背囊,休閒背囊,,,,,,No,Yes,,
/intl/hk/deals/v2/brandstorev2/listings/categorypage/shoes_and_bags/backpacks,1197784298,鞋包 / 行李箱,背囊,皮革背囊,,,,,,No,Yes,,
/intl/hk/deals/v2/brandstorev2/listings/categorypage/shoes_and_bags/backpacks,1197784298,鞋包 / 行李箱,背囊,其他,,,,,,No,Yes,,
/intl/hk/deals/v2/brandstorev2/listings/categorypage/shoes_and_bags/women_wallets,1197784299,鞋包 / 行李箱,女裝錢包,"長銀包
",,,,,,No,Yes,,
/intl/hk/deals/v2/brandstorev2/listings/categorypage/shoes_and_bags/women_wallets,1197784299,鞋包 / 行李箱,女裝錢包,"短銀包
",,,,,,No,Yes,,
/intl/hk/deals/v2/brandstorev2/listings/categorypage/shoes_and_bags/women_wallets,1197784299,鞋包 / 行李箱,女裝錢包,"散子包
",,,,,,No,Yes,,
/intl/hk/deals/v2/brandstorev2/listings/categorypage/shoes_and_bags/men_wallets,1197784300,鞋包 / 行李箱,男裝錢包,"長銀包
",,,,,,No,Yes,,
/intl/hk/deals/v2/brandstorev2/listings/categorypage/shoes_and_bags/men_wallets,1197784300,鞋包 / 行李箱,男裝錢包,"短銀包
",,,,,,No,Yes,,
/intl/hk/deals/v2/brandstorev2/listings/categorypage/shoes_and_bags/men_wallets,1197784300,鞋包 / 行李箱,男裝錢包,"散子包
",,,,,,No,Yes,,
/intl/hk/deals/v2/brandstorev2/listings/categorypage/shoes_and_bags/men_wallets,1197784300,鞋包 / 行李箱,男裝錢包,其他,,,,,,No,Yes,,
/intl/hk/deals/v2/brandstorev2/listings/categorypage/sports/sports_shoes,1197784301,運動/戶外用品,體育運動鞋,足球鞋,,,,,,No,Yes,,
/intl/hk/deals/v2/brandstorev2/listings/categorypage/sports/sports_shoes,1197784301,運動/戶外用品,體育運動鞋,羽毛球鞋,,,,,,No,Yes,,
/intl/hk/deals/v2/brandstorev2/listings/categorypage/sports/sports_shoes,1197784301,運動/戶外用品,體育運動鞋,跑步鞋,,,,,,No,Yes,,
/intl/hk/deals/v2/brandstorev2/listings/categorypage/sports/sports_shoes,1197784301,運動/戶外用品,體育運動鞋,籃球鞋,,,,,,No,Yes,,
/intl/hk/deals/v2/brandstorev2/listings/categorypage/sports/sports_shoes,1197784301,運動/戶外用品,體育運動鞋,水上活動專用鞋,,,,,,No,Yes,,
/intl/hk/deals/v2/brandstorev2/listings/categorypage/sports/sports_shoes,1197784301,運動/戶外用品,體育運動鞋,行山 / 攀山鞋,,,,,,No,Yes,,
/intl/hk/deals/v2/brandstorev2/listings/categorypage/sports/sports_shoes,1197784301,運動/戶外用品,體育運動鞋,其他,,,,,,No,Yes,,
/intl/hk/deals/v2/brandstorev2/listings/categorypage/sports/sports_wear,1197784302,運動/戶外用品,體育運動服飾,"球衣
",,,,,,No,Yes,,
/intl/hk/deals/v2/brandstorev2/listings/categorypage/sports/sports_wear,1197784302,運動/戶外用品,體育運動服飾,"單車服裝
",,,,,,No,Yes,,
/intl/hk/deals/v2/brandstorev2/listings/categorypage/sports/sports_wear,1197784302,運動/戶外用品,體育運動服飾,"沙灘服裝
",,,,,,No,Yes,,
/intl/hk/deals/v2/brandstorev2/listings/categorypage/sports/sports_wear,1197784302,運動/戶外用品,體育運動服飾,"泳裝
",,,,,,No,Yes,,
/intl/hk/deals/v2/brandstorev2/listings/categorypage/sports/sports_wear,1197784302,運動/戶外用品,體育運動服飾,戶外服裝,,,,,,No,Yes,,
/intl/hk/deals/v2/brandstorev2/listings/categorypage/sports/sports_wear,1197784302,運動/戶外用品,體育運動服飾,"潛水衣
",,,,,,No,Yes,,
/intl/hk/deals/v2/brandstorev2/listings/categorypage/sports/sports_wear,1197784302,運動/戶外用品,體育運動服飾,其他,,,,,,No,Yes,,
/intl/hk/deals/v2/brandstorev2/listings/categorypage/sports/equipment,1197784303,運動/戶外用品,運動裝備&器材,單車,,,,,,No,Yes,,
/intl/hk/deals/v2/brandstorev2/listings/categorypage/sports/equipment,1197784303,運動/戶外用品,運動裝備&器材,哥爾夫球器材,,,,,,No,Yes,,
/intl/hk/deals/v2/brandstorev2/listings/categorypage/sports/equipment,1197784303,運動/戶外用品,運動裝備&器材,滑雪裝備,,,,,,No,Yes,,
/intl/hk/deals/v2/brandstorev2/listings/categorypage/sports/equipment,1197784303,運動/戶外用品,運動裝備&器材,潛水裝備,,,,,,No,Yes,,
/intl/hk/deals/v2/brandstorev2/listings/categorypage/sports/equipment,1197784303,運動/戶外用品,運動裝備&器材,釣魚裝備,,,,,,No,Yes,,
/intl/hk/deals/v2/brandstorev2/listings/categorypage/sports/equipment,1197784303,運動/戶外用品,運動裝備&器材,登山裝備,,,,,,No,Yes,,
/intl/hk/deals/v2/brandstorev2/listings/categorypage/sports/equipment,1197784303,運動/戶外用品,運動裝備&器材,"水上活動裝備
",,,,,,No,Yes,,
/intl/hk/deals/v2/brandstorev2/listings/categorypage/sports/equipment,1197784303,運動/戶外用品,運動裝備&器材,"瑜伽&健身器材
",,,,,,No,Yes,,
/intl/hk/deals/v2/brandstorev2/listings/categorypage/sports/equipment,1197784303,運動/戶外用品,運動裝備&器材,球類運動,"氣泵
",,,,,No,Yes,,
/intl/hk/deals/v2/brandstorev2/listings/categorypage/sports/equipment,1197784303,運動/戶外用品,運動裝備&器材,球類運動,球拍,,,,,No,Yes,,
/intl/hk/deals/v2/brandstorev2/listings/categorypage/sports/equipment,1197784303,運動/戶外用品,運動裝備&器材,球類運動,球,,,,,No,Yes,,
/intl/hk/deals/v2/brandstorev2/listings/categorypage/sports/equipment,1197784303,運動/戶外用品,運動裝備&器材,球類運動,其他,,,,,,,,
/intl/hk/deals/v2/brandstorev2/listings/categorypage/sports/equipment,1197784303,運動/戶外用品,運動裝備&器材,其他,,,,,,No,Yes,,
/intl/hk/deals/v2/brandstorev2/listings/categorypage/fashion/women_wear,1197784304,服飾配件,女裝服飾,上衣,"背心
",,,,,No,Yes,,
/intl/hk/deals/v2/brandstorev2/listings/categorypage/fashion/women_wear,1197784304,服飾配件,女裝服飾,上衣,T - Shirt,,,,,No,Yes,,
/intl/hk/deals/v2/brandstorev2/listings/categorypage/fashion/women_wear,1197784304,服飾配件,女裝服飾,上衣,襯衫,,,,,No,Yes,,
/intl/hk/deals/v2/brandstorev2/listings/categorypage/fashion/women_wear,1197784304,服飾配件,女裝服飾,上衣,衛衣,,,,,No,Yes,,
/intl/hk/deals/v2/brandstorev2/listings/categorypage/fashion/women_wear,1197784304,服飾配件,女裝服飾,上衣,其他,,,,,,,,
/intl/hk/deals/v2/brandstorev2/listings/categorypage/fashion/women_wear,1197784304,服飾配件,女裝服飾,外套,,,,,,No,Yes,,
/intl/hk/deals/v2/brandstorev2/listings/categorypage/fashion/women_wear,1197784304,服飾配件,女裝服飾,裙子,,,,,,No,Yes,,
/intl/hk/deals/v2/brandstorev2/listings/categorypage/fashion/women_wear,1197784304,服飾配件,女裝服飾,褲子,,,,,,No,Yes,,
/intl/hk/deals/v2/brandstorev2/listings/categorypage/fashion/women_wear,1197784304,服飾配件,女裝服飾,內衣 / 睡衣,,,,,,No,Yes,,
/intl/hk/deals/v2/brandstorev2/listings/categorypage/fashion/women_wear,1197784304,服飾配件,女裝服飾,其他,,,,,,No,Yes,,
/intl/hk/deals/v2/brandstorev2/listings/categorypage/fashion/men_wear,1197784305,服飾配件,男裝服飾,上衣,"背心
",,,,,No,Yes,,
/intl/hk/deals/v2/brandstorev2/listings/categorypage/fashion/men_wear,1197784305,服飾配件,男裝服飾,上衣,T - Shirt,,,,,No,Yes,,
/intl/hk/deals/v2/brandstorev2/listings/categorypage/fashion/men_wear,1197784305,服飾配件,男裝服飾,上衣,襯衫,,,,,No,Yes,,
/intl/hk/deals/v2/brandstorev2/listings/categorypage/fashion/men_wear,1197784305,服飾配件,男裝服飾,上衣,衛衣,,,,,No,Yes,,
/intl/hk/deals/v2/brandstorev2/listings/categorypage/fashion/men_wear,1197784305,服飾配件,男裝服飾,上衣,其他,,,,,,,,
/intl/hk/deals/v2/brandstorev2/listings/categorypage/fashion/men_wear,1197784305,服飾配件,男裝服飾,套裝,,,,,,No,Yes,,
/intl/hk/deals/v2/brandstorev2/listings/categorypage/fashion/men_wear,1197784305,服飾配件,男裝服飾,外套,,,,,,No,Yes,,
/intl/hk/deals/v2/brandstorev2/listings/categorypage/fashion/men_wear,1197784305,服飾配件,男裝服飾,褲子,,,,,,No,Yes,,
/intl/hk/deals/v2/brandstorev2/listings/categorypage/fashion/men_wear,1197784305,服飾配件,男裝服飾,內衣 / 睡衣,,,,,,No,Yes,,
/intl/hk/deals/v2/brandstorev2/listings/categorypage/fashion/men_wear,1197784305,服飾配件,男裝服飾,其他,,,,,,No,Yes,,
/intl/hk/deals/v2/brandstorev2/listings/categorypage/fashion/unisex_wear,1197784306,服飾配件,中性服飾,T - Shirt,,,,,,No,Yes,,
/intl/hk/deals/v2/brandstorev2/listings/categorypage/fashion/unisex_wear,1197784306,服飾配件,中性服飾,襯衫,,,,,,No,Yes,,
/intl/hk/deals/v2/brandstorev2/listings/categorypage/fashion/unisex_wear,1197784306,服飾配件,中性服飾,外套,,,,,,No,Yes,,
/intl/hk/deals/v2/brandstorev2/listings/categorypage/fashion/unisex_wear,1197784306,服飾配件,中性服飾,褲子,,,,,,No,Yes,,
/intl/hk/deals/v2/brandstorev2/listings/categorypage/fashion/unisex_wear,1197784306,服飾配件,中性服飾,內衣 / 睡衣,,,,,,No,Yes,,
/intl/hk/deals/v2/brandstorev2/listings/categorypage/fashion/unisex_wear,1197784306,服飾配件,中性服飾,其他,,,,,,No,Yes,,
/intl/hk/deals/v2/brandstorev2/listings/categorypage/fashion/watches,1197784307,服飾配件,手錶,機械手錶,,,,,,No,Yes,,
/intl/hk/deals/v2/brandstorev2/listings/categorypage/fashion/watches,1197784307,服飾配件,手錶,電子手錶,,,,,,No,Yes,,
/intl/hk/deals/v2/brandstorev2/listings/categorypage/fashion/watches,1197784307,服飾配件,手錶,智能手錶,,,,,,No,Yes,,
/intl/hk/deals/v2/brandstorev2/listings/categorypage/fashion/watches,1197784307,服飾配件,手錶,其他,,,,,,No,Yes,,
/intl/hk/deals/v2/brandstorev2/listings/categorypage/fashion/jewelleries,1197784308,服飾配件,飾物,頸鍊,,,,,,No,Yes,,
/intl/hk/deals/v2/brandstorev2/listings/categorypage/fashion/jewelleries,1197784308,服飾配件,飾物,手鍊/手鐲,,,,,,No,Yes,,
/intl/hk/deals/v2/brandstorev2/listings/categorypage/fashion/jewelleries,1197784308,服飾配件,飾物,耳環,,,,,,No,Yes,,
/intl/hk/deals/v2/brandstorev2/listings/categorypage/fashion/jewelleries,1197784308,服飾配件,飾物,戒指,,,,,,No,Yes,,
/intl/hk/deals/v2/brandstorev2/listings/categorypage/fashion/jewelleries,1197784308,服飾配件,飾物,扣針/胸針,,,,,,No,Yes,,
/intl/hk/deals/v2/brandstorev2/listings/categorypage/fashion/jewelleries,1197784308,服飾配件,飾物,髮飾,,,,,,No,Yes,,
/intl/hk/deals/v2/brandstorev2/listings/categorypage/fashion/jewelleries,1197784308,服飾配件,飾物,髮飾,,,,,,No,Yes,,
/intl/hk/deals/v2/brandstorev2/listings/categorypage/fashion/jewelleries,1197784308,服飾配件,飾物,其他,,,,,,No,Yes,,
/intl/hk/deals/v2/brandstorev2/listings/categorypage/fashion/socks,1197784309,服飾配件,"襪子
",絲襪,,,,,,No,Yes,,
/intl/hk/deals/v2/brandstorev2/listings/categorypage/fashion/socks,1197784309,服飾配件,"襪子
",五趾襪,,,,,,No,Yes,,
/intl/hk/deals/v2/brandstorev2/listings/categorypage/fashion/socks,1197784309,服飾配件,"襪子
",踝襪,,,,,,No,Yes,,
/intl/hk/deals/v2/brandstorev2/listings/categorypage/fashion/socks,1197784309,服飾配件,"襪子
",其他,,,,,,No,Yes,,
/intl/hk/deals/v2/brandstorev2/listings/categorypage/fashion/accessories,1197784310,服飾配件,"配件
",腰帶,,,,,,No,Yes,,
/intl/hk/deals/v2/brandstorev2/listings/categorypage/fashion/accessories,1197784310,服飾配件,"配件
",頸巾及披肩,,,,,,No,Yes,,
/intl/hk/deals/v2/brandstorev2/listings/categorypage/fashion/accessories,1197784310,服飾配件,"配件
",帽,,,,,,No,Yes,,
/intl/hk/deals/v2/brandstorev2/listings/categorypage/fashion/accessories,1197784310,服飾配件,"配件
",眼鏡,,,,,,No,Yes,,
/intl/hk/deals/v2/brandstorev2/listings/categorypage/fashion/accessories,1197784310,服飾配件,"配件
",其他,,,,,,No,Yes,,
/intl/hk/deals/v2/brandstorev2/listings/categorypage/fashion/boys,1197784311,服飾配件,男童裝,T - Shirt,,,,,,No,Yes,,
/intl/hk/deals/v2/brandstorev2/listings/categorypage/fashion/boys,1197784311,服飾配件,男童裝,襯衫,,,,,,No,Yes,,
/intl/hk/deals/v2/brandstorev2/listings/categorypage/fashion/boys,1197784311,服飾配件,男童裝,外套,,,,,,No,Yes,,
/intl/hk/deals/v2/brandstorev2/listings/categorypage/fashion/boys,1197784311,服飾配件,男童裝,褲子,,,,,,No,Yes,,
/intl/hk/deals/v2/brandstorev2/listings/categorypage/fashion/boys,1197784311,服飾配件,男童裝,內衣 / 睡衣,,,,,,No,Yes,,
/intl/hk/deals/v2/brandstorev2/listings/categorypage/fashion/boys,1197784311,服飾配件,男童裝,其他,,,,,,No,Yes,,
/intl/hk/deals/v2/brandstorev2/listings/categorypage/fashion/girls,1197784312,服飾配件,女童裝,T - Shirt,,,,,,No,Yes,,
/intl/hk/deals/v2/brandstorev2/listings/categorypage/fashion/girls,1197784312,服飾配件,女童裝,襯衫,,,,,,No,Yes,,
/intl/hk/deals/v2/brandstorev2/listings/categorypage/fashion/girls,1197784312,服飾配件,女童裝,外套,,,,,,No,Yes,,
/intl/hk/deals/v2/brandstorev2/listings/categorypage/fashion/girls,1197784312,服飾配件,女童裝,裙子,,,,,,No,Yes,,
/intl/hk/deals/v2/brandstorev2/listings/categorypage/fashion/girls,1197784312,服飾配件,女童裝,褲子,,,,,,No,Yes,,
/intl/hk/deals/v2/brandstorev2/listings/categorypage/fashion/girls,1197784312,服飾配件,女童裝,內衣 / 睡衣,,,,,,No,Yes,,
/intl/hk/deals/v2/brandstorev2/listings/categorypage/fashion/girls,1197784312,服飾配件,女童裝,其他,,,,,,No,Yes,,
/intl/hk/deals/v2/brandstorev2/listings/categorypage/fashion/baby,1197784313,服飾配件,嬰幼兒服飾,肚衣,,,,,,No,Yes,,
/intl/hk/deals/v2/brandstorev2/listings/categorypage/fashion/baby,1197784313,服飾配件,嬰幼兒服飾,連身裝,,,,,,No,Yes,,
/intl/hk/deals/v2/brandstorev2/listings/categorypage/fashion/baby,1197784313,服飾配件,嬰幼兒服飾,上衣,,,,,,No,Yes,,
/intl/hk/deals/v2/brandstorev2/listings/categorypage/fashion/baby,1197784313,服飾配件,嬰幼兒服飾,套裝,,,,,,No,Yes,,
/intl/hk/deals/v2/brandstorev2/listings/categorypage/fashion/baby,1197784313,服飾配件,嬰幼兒服飾,褲子,,,,,,No,Yes,,
/intl/hk/deals/v2/brandstorev2/listings/categorypage/fashion/baby,1197784313,服飾配件,嬰幼兒服飾,裙子,,,,,,No,Yes,,
/intl/hk/deals/v2/brandstorev2/listings/categorypage/fashion/baby,1197784313,服飾配件,嬰幼兒服飾,和服,,,,,,No,Yes,,
/intl/hk/deals/v2/brandstorev2/listings/categorypage/fashion/baby,1197784313,服飾配件,嬰幼兒服飾,嬰兒帽,,,,,,No,Yes,,
/intl/hk/deals/v2/brandstorev2/listings/categorypage/fashion/baby,1197784313,服飾配件,嬰幼兒服飾,嬰兒襪,,,,,,No,Yes,,
/intl/hk/deals/v2/brandstorev2/listings/categorypage/fashion/baby,1197784313,服飾配件,嬰幼兒服飾,嬰兒鞋,,,,,,No,Yes,,
/intl/hk/deals/v2/brandstorev2/listings/categorypage/fashion/baby,1197784313,服飾配件,嬰幼兒服飾,披風/披肩,,,,,,No,Yes,,
/intl/hk/deals/v2/brandstorev2/listings/categorypage/fashion/baby,1197784313,服飾配件,嬰幼兒服飾,外套,,,,,,No,Yes,,
/intl/hk/deals/v2/brandstorev2/listings/categorypage/fashion/baby,1197784313,服飾配件,嬰幼兒服飾,"和尚袍
",,,,,,No,Yes,,
/intl/hk/deals/v2/brandstorev2/listings/categorypage/fashion/baby,1197784313,服飾配件,嬰幼兒服飾,其他,,,,,,No,Yes,,